catalog_index,source_index,menu_index,game_code,game_zh,section_zh,category,title_zh,title_en,title_ja,zh_status,en_status,url
1,3,1,GENERAL,综合,综合资料,guide_or_navigation,首页,Top Page,トップページ,translated,translated,https://seesaawiki.jp/kirby_shinkaku/d/%a5%c8%a5%c3%a5%d7%a5%da%a1%bc%a5%b8
2,300,2,GENERAL,综合,综合资料,guide_or_navigation,入门说明,Introduction,はじめに,translated,translated,https://seesaawiki.jp/kirby_shinkaku/d/%a4%cf%a4%b8%a4%e1%a4%cb
3,145,3,GENERAL,综合,综合资料,guide_or_navigation,新手指南,Beginner's Guide,初心者向けページ,translated,translated,https://seesaawiki.jp/kirby_shinkaku/d/%bd%e9%bf%b4%bc%d4%b8%fe%a4%b1%a5%da%a1%bc%a5%b8
4,193,4,GENERAL,综合,综合资料,guide_or_navigation,进阶指南,Road to Improvement,上達への道,translated,translated,https://seesaawiki.jp/kirby_shinkaku/d/%be%e5%c3%a3%a4%d8%a4%ce%c6%bb
5,32,5,GENERAL,综合,综合资料,guide_or_navigation,复制能力速查表,Copy Ability Quick Reference,コピー能力早見表,translated,translated,https://seesaawiki.jp/kirby_shinkaku/d/%a5%b3%a5%d4%a1%bc%c7%bd%ce%cf%c1%e1%b8%ab%c9%bd
6,158,6,WII,星之卡比 Wii,综合资料,mechanics_or_reference,游戏机制（星之卡比 Wii）,Game Mechanics (Kirby's Return to Dream Land),仕様(Wii),translated,translated,https://seesaawiki.jp/kirby_shinkaku/d/%bb%c5%cd%cd%28Wii%29
7,5,48,WII,星之卡比 Wii,综合资料,media_or_records,视频馆（星之卡比 Wii）,Video Gallery (Kirby's Return to Dream Land),動画館(Wii),translated,translated,https://seesaawiki.jp/kirby_shinkaku/d/%c6%b0%b2%e8%b4%db%28Wii%29
8,195,49,WII,星之卡比 Wii,综合资料,mechanics_or_reference,数据库（星之卡比 Wii）,Database (Kirby's Return to Dream Land),データベース(Wii),translated,translated,https://seesaawiki.jp/kirby_shinkaku/d/%a5%c7%a1%bc%a5%bf%a5%d9%a1%bc%a5%b9%28Wii%29
9,178,8,WII,星之卡比 Wii,复制能力与可操作角色,ability_or_playable,复制能力一览（星之卡比 Wii）,Copy Ability List (Kirby's Return to Dream Land),コピー能力一覧(Wii),translated,translated,https://seesaawiki.jp/kirby_shinkaku/d/%a5%b3%a5%d4%a1%bc%c7%bd%ce%cf%b0%ec%cd%f7%28Wii%29
10,94,9,WII,星之卡比 Wii,复制能力与可操作角色,ability_or_playable,冰冻（星之卡比 Wii）,Ice (Kirby's Return to Dream Land),アイス(Wii),official,official,https://seesaawiki.jp/kirby_shinkaku/d/%a5%a2%a5%a4%a5%b9%28Wii%29
11,144,10,WII,星之卡比 Wii,复制能力与可操作角色,ability_or_playable,鞭子（星之卡比 Wii）,Whip (Kirby's Return to Dream Land),ウィップ(Wii),official,official,https://seesaawiki.jp/kirby_shinkaku/d/%a5%a6%a5%a3%a5%c3%a5%d7%28Wii%29
12,132,11,WII,星之卡比 Wii,复制能力与可操作角色,ability_or_playable,风羽（星之卡比 Wii）,Wing (Kirby's Return to Dream Land),ウィング(Wii),official,official,https://seesaawiki.jp/kirby_shinkaku/d/%a5%a6%a5%a3%a5%f3%a5%b0%28Wii%29
13,143,12,WII,星之卡比 Wii,复制能力与可操作角色,ability_or_playable,清水（星之卡比 Wii）,Water (Kirby's Return to Dream Land),ウォーター(Wii),official,official,https://seesaawiki.jp/kirby_shinkaku/d/%a5%a6%a5%a9%a1%bc%a5%bf%a1%bc%28Wii%29
14,142,13,WII,星之卡比 Wii,复制能力与可操作角色,ability_or_playable,弯刀（星之卡比 Wii）,Cutter (Kirby's Return to Dream Land),カッター(Wii),official,official,https://seesaawiki.jp/kirby_shinkaku/d/%a5%ab%a5%c3%a5%bf%a1%bc%28Wii%29
15,93,14,WII,星之卡比 Wii,复制能力与可操作角色,ability_or_playable,石块（星之卡比 Wii）,Stone (Kirby's Return to Dream Land),ストーン(Wii),official,official,https://seesaawiki.jp/kirby_shinkaku/d/%a5%b9%a5%c8%a1%bc%a5%f3%28Wii%29
16,191,15,WII,星之卡比 Wii,复制能力与可操作角色,ability_or_playable,电火花（星之卡比 Wii）,Spark (Kirby's Return to Dream Land),スパーク(Wii),official,official,https://seesaawiki.jp/kirby_shinkaku/d/%a5%b9%a5%d1%a1%bc%a5%af%28Wii%29
17,86,16,WII,星之卡比 Wii,复制能力与可操作角色,ability_or_playable,枪（星之卡比 Wii）,Spear (Kirby's Return to Dream Land),スピア(Wii),official,official,https://seesaawiki.jp/kirby_shinkaku/d/%a5%b9%a5%d4%a5%a2%28Wii%29
18,141,17,WII,星之卡比 Wii,复制能力与可操作角色,ability_or_playable,利剑（星之卡比 Wii）,Sword (Kirby's Return to Dream Land),ソード(Wii),official,official,https://seesaawiki.jp/kirby_shinkaku/d/%a5%bd%a1%bc%a5%c9%28Wii%29
19,92,18,WII,星之卡比 Wii,复制能力与可操作角色,ability_or_playable,龙卷风（星之卡比 Wii）,Tornado (Kirby's Return to Dream Land),トルネイド(Wii),official,official,https://seesaawiki.jp/kirby_shinkaku/d/%a5%c8%a5%eb%a5%cd%a5%a4%a5%c9%28Wii%29
20,140,19,WII,星之卡比 Wii,复制能力与可操作角色,ability_or_playable,针（星之卡比 Wii）,Needle (Kirby's Return to Dream Land),ニードル(Wii),official,official,https://seesaawiki.jp/kirby_shinkaku/d/%a5%cb%a1%bc%a5%c9%a5%eb%28Wii%29
21,91,20,WII,星之卡比 Wii,复制能力与可操作角色,ability_or_playable,忍者（星之卡比 Wii）,Ninja (Kirby's Return to Dream Land),ニンジャ(Wii),official,official,https://seesaawiki.jp/kirby_shinkaku/d/%a5%cb%a5%f3%a5%b8%a5%e3%28Wii%29
22,188,21,WII,星之卡比 Wii,复制能力与可操作角色,ability_or_playable,跳高（星之卡比 Wii）,Hi-Jump (Kirby's Return to Dream Land),ハイジャンプ(Wii),official,official,https://seesaawiki.jp/kirby_shinkaku/d/%a5%cf%a5%a4%a5%b8%a5%e3%a5%f3%a5%d7%28Wii%29
23,90,22,WII,星之卡比 Wii,复制能力与可操作角色,ability_or_playable,阳伞（星之卡比 Wii）,Parasol (Kirby's Return to Dream Land),パラソル(Wii),official,official,https://seesaawiki.jp/kirby_shinkaku/d/%a5%d1%a5%e9%a5%bd%a5%eb%28Wii%29
24,89,23,WII,星之卡比 Wii,复制能力与可操作角色,ability_or_playable,锤子（星之卡比 Wii）,Hammer (Kirby's Return to Dream Land),ハンマー(Wii),official,official,https://seesaawiki.jp/kirby_shinkaku/d/%a5%cf%a5%f3%a5%de%a1%bc%28Wii%29
25,139,24,WII,星之卡比 Wii,复制能力与可操作角色,ability_or_playable,光束（星之卡比 Wii）,Beam (Kirby's Return to Dream Land),ビーム(Wii),official,official,https://seesaawiki.jp/kirby_shinkaku/d/%a5%d3%a1%bc%a5%e0%28Wii%29
26,88,25,WII,星之卡比 Wii,复制能力与可操作角色,ability_or_playable,烈火（星之卡比 Wii）,Fire (Kirby's Return to Dream Land),ファイア(Wii),official,official,https://seesaawiki.jp/kirby_shinkaku/d/%a5%d5%a5%a1%a5%a4%a5%a2%28Wii%29
27,87,26,WII,星之卡比 Wii,复制能力与可操作角色,ability_or_playable,格斗家（星之卡比 Wii）,Fighter (Kirby's Return to Dream Land),ファイター(Wii),official,official,https://seesaawiki.jp/kirby_shinkaku/d/%a5%d5%a5%a1%a5%a4%a5%bf%a1%bc%28Wii%29
28,138,27,WII,星之卡比 Wii,复制能力与可操作角色,ability_or_playable,炸弹（星之卡比 Wii）,Bomb (Kirby's Return to Dream Land),ボム(Wii),official,official,https://seesaawiki.jp/kirby_shinkaku/d/%a5%dc%a5%e0%28Wii%29
29,156,28,WII,星之卡比 Wii,复制能力与可操作角色,ability_or_playable,叶子（星之卡比 Wii）,Leaf (Kirby's Return to Dream Land),リーフ(Wii),official,official,https://seesaawiki.jp/kirby_shinkaku/d/%a5%ea%a1%bc%a5%d5%28Wii%29
30,155,29,WII,星之卡比 Wii,复制能力与可操作角色,ability_or_playable,魅塔骑士（星之卡比 Wii）,Meta Knight (Kirby's Return to Dream Land),メタナイト(Wii),official,official,https://seesaawiki.jp/kirby_shinkaku/d/%a5%e1%a5%bf%a5%ca%a5%a4%a5%c8%28Wii%29
31,254,30,WII,星之卡比 Wii,复制能力与可操作角色,ability_or_playable,帝帝帝大王（星之卡比 Wii）,King Dedede (Kirby's Return to Dream Land),デデデ大王(Wii),official,official,https://seesaawiki.jp/kirby_shinkaku/d/%a5%c7%a5%c7%a5%c7%c2%e7%b2%a6%28Wii%29
32,207,31,WII,星之卡比 Wii,复制能力与可操作角色,ability_or_playable,瓦豆鲁迪（星之卡比 Wii）,Waddle Dee (Kirby's Return to Dream Land),ワドルディ(Wii),official,official,https://seesaawiki.jp/kirby_shinkaku/d/%a5%ef%a5%c9%a5%eb%a5%c7%a5%a3%28Wii%29
33,287,32,WII,星之卡比 Wii,首领攻略,boss,首领战（星之卡比 Wii）,Boss Battles (Kirby's Return to Dream Land),ボス戦(Wii),translated,translated,https://seesaawiki.jp/kirby_shinkaku/d/%a5%dc%a5%b9%c0%ef%28Wii%29
34,284,33,WII,星之卡比 Wii,首领攻略,boss,风语大树 EX（星之卡比 Wii）,Whispy Woods EX (Kirby's Return to Dream Land),ウィスピーウッズEX,official,official,https://seesaawiki.jp/kirby_shinkaku/d/%a5%a6%a5%a3%a5%b9%a5%d4%a1%bc%a5%a6%a5%c3%a5%baEX
35,296,34,WII,星之卡比 Wii,首领攻略,boss,达乌塔先生 EX（星之卡比 Wii）,Mr. Dooter EX (Kirby's Return to Dream Land),Mr.ダウターEX,official,official,https://seesaawiki.jp/kirby_shinkaku/d/Mr%2e%a5%c0%a5%a6%a5%bf%a1%bcEX
36,295,35,WII,星之卡比 Wii,首领攻略,boss,缓冲肥肥 EX（星之卡比 Wii）,Fatty Puffer EX (Kirby's Return to Dream Land),ファッティバッファーEX,official,official,https://seesaawiki.jp/kirby_shinkaku/d/%a5%d5%a5%a1%a5%c3%a5%c6%a5%a3%a5%d0%a5%c3%a5%d5%a5%a1%a1%bcEX
37,186,36,WII,星之卡比 Wii,首领攻略,boss,戈力牙斯 EX（星之卡比 Wii）,Goriath EX (Kirby's Return to Dream Land),ゴライアスEX,official,official,https://seesaawiki.jp/kirby_shinkaku/d/%a5%b4%a5%e9%a5%a4%a5%a2%a5%b9EX
38,189,37,WII,星之卡比 Wii,首领攻略,boss,伟大喽啪 EX（星之卡比 Wii）,Grand Doomer EX (Kirby's Return to Dream Land),グランドローパーEX,official,official,https://seesaawiki.jp/kirby_shinkaku/d/%a5%b0%a5%e9%a5%f3%a5%c9%a5%ed%a1%bc%a5%d1%a1%bcEX
39,294,38,WII,星之卡比 Wii,首领攻略,boss,金属将军 EX（星之卡比 Wii）,Metal General EX (Kirby's Return to Dream Land),メタルジェネラルEX,official,official,https://seesaawiki.jp/kirby_shinkaku/d/%a5%e1%a5%bf%a5%eb%a5%b8%a5%a7%a5%cd%a5%e9%a5%ebEX
40,152,39,WII,星之卡比 Wii,首领攻略,boss,龙帝亚 EX（星之卡比 Wii）,Landia EX (Kirby's Return to Dream Land),ランディアEX,official,official,https://seesaawiki.jp/kirby_shinkaku/d/%a5%e9%a5%f3%a5%c7%a5%a3%a5%a2EX
41,293,40,WII,星之卡比 Wii,首领攻略,boss,3 只中首领军团（星之卡比 Wii）,Three Mid-Bosses (Kirby's Return to Dream Land),中ボス軍団3体(Wii),translated,translated,https://seesaawiki.jp/kirby_shinkaku/d/%c3%e6%a5%dc%a5%b9%b7%b3%c3%c43%c2%ce%28Wii%29
42,292,41,WII,星之卡比 Wii,首领攻略,boss,4 只中首领军团（星之卡比 Wii）,Four Mid-Bosses (Kirby's Return to Dream Land),中ボス軍団4体(Wii),translated,translated,https://seesaawiki.jp/kirby_shinkaku/d/%c3%e6%a5%dc%a5%b9%b7%b3%c3%c44%c2%ce%28Wii%29
43,291,42,WII,星之卡比 Wii,首领攻略,boss,球体喽啪 EX（星之卡比 Wii）,Sphere Doomer EX (Kirby's Return to Dream Land),スフィアローパーEX,official,official,https://seesaawiki.jp/kirby_shinkaku/d/%a5%b9%a5%d5%a5%a3%a5%a2%a5%ed%a1%bc%a5%d1%a1%bcEX
44,174,43,WII,星之卡比 Wii,首领攻略,boss,洛亚 EX&魔法洛亚（星之卡比 Wii）,Lor EX & Magolor (Kirby's Return to Dream Land),ローアEX&マホロア,official,official,https://seesaawiki.jp/kirby_shinkaku/d/%a5%ed%a1%bc%a5%a2EX%26%a5%de%a5%db%a5%ed%a5%a2
45,133,44,WII,星之卡比 Wii,首领攻略,boss,HR-D3（星之卡比 Wii）,HR-D3 (Kirby's Return to Dream Land),HR-D3,unchanged,unchanged,https://seesaawiki.jp/kirby_shinkaku/d/HR%2dD3
46,289,45,WII,星之卡比 Wii,首领攻略,boss,星河骑士（星之卡比 Wii）,Galacta Knight (Kirby's Return to Dream Land),ギャラクティックナイト,official,official,https://seesaawiki.jp/kirby_shinkaku/d/%a5%ae%a5%e3%a5%e9%a5%af%a5%c6%a5%a3%a5%c3%a5%af%a5%ca%a5%a4%a5%c8
47,290,46,WII,星之卡比 Wii,首领攻略,boss,魔法洛亚 EX（星之卡比 Wii）,Magolor EX (Kirby's Return to Dream Land),マホロアEX,official,official,https://seesaawiki.jp/kirby_shinkaku/d/%a5%de%a5%db%a5%ed%a5%a2EX
48,288,47,WII,星之卡比 Wii,首领攻略,boss,魔法洛亚灵魂（星之卡比 Wii）,Magolor Soul (Kirby's Return to Dream Land),マホロア ソウル,official,official,https://seesaawiki.jp/kirby_shinkaku/d/%a5%de%a5%db%a5%ed%a5%a2%20%a5%bd%a5%a6%a5%eb
49,7,7,WII_WIIDX,星之卡比 Wii / 星之卡比 Wii 豪华版,综合资料,mechanics_or_reference,术语与技巧（星之卡比 Wii / 星之卡比 Wii 豪华版）,Glossary and Techniques (Kirby's Return to Dream Land / Kirby's Return to Dream Land Deluxe),用語集・テクニック(Wii・WiiDX),translated,translated,https://seesaawiki.jp/kirby_shinkaku/d/%cd%d1%b8%ec%bd%b8%a1%a6%a5%c6%a5%af%a5%cb%a5%c3%a5%af%28Wii%a1%a6WiiDX%29
50,167,50,TDX,星之卡比 三重豪华版,综合资料,mechanics_or_reference,游戏机制（星之卡比 三重豪华版）,Game Mechanics (Kirby: Triple Deluxe),仕様(TDX),translated,translated,https://seesaawiki.jp/kirby_shinkaku/d/%bb%c5%cd%cd%28TDX%29
51,199,51,TDX,星之卡比 三重豪华版,综合资料,mechanics_or_reference,术语与技巧（星之卡比 三重豪华版）,Glossary and Techniques (Kirby: Triple Deluxe),用語集・テクニック(TDX),translated,translated,https://seesaawiki.jp/kirby_shinkaku/d/%cd%d1%b8%ec%bd%b8%a1%a6%a5%c6%a5%af%a5%cb%a5%c3%a5%af%28TDX%29
52,14,87,TDX,星之卡比 三重豪华版,综合资料,media_or_records,视频馆（星之卡比 三重豪华版）,Video Gallery (Kirby: Triple Deluxe),動画館(TDX),translated,translated,https://seesaawiki.jp/kirby_shinkaku/d/%c6%b0%b2%e8%b4%db%28TDX%29
53,33,52,TDX,星之卡比 三重豪华版,复制能力与可操作角色,ability_or_playable,复制能力一览（星之卡比 三重豪华版）,Copy Ability List (Kirby: Triple Deluxe),コピー能力一覧(TDX),translated,translated,https://seesaawiki.jp/kirby_shinkaku/d/%a5%b3%a5%d4%a1%bc%c7%bd%ce%cf%b0%ec%cd%f7%28TDX%29
54,210,53,TDX,星之卡比 三重豪华版,复制能力与可操作角色,ability_or_playable,冰冻（星之卡比 三重豪华版）,Ice (Kirby: Triple Deluxe),アイス(TDX),official,official,https://seesaawiki.jp/kirby_shinkaku/d/%a5%a2%a5%a4%a5%b9%28TDX%29
55,137,54,TDX,星之卡比 三重豪华版,复制能力与可操作角色,ability_or_playable,鞭子（星之卡比 三重豪华版）,Whip (Kirby: Triple Deluxe),ウィップ(TDX),official,official,https://seesaawiki.jp/kirby_shinkaku/d/%a5%a6%a5%a3%a5%c3%a5%d7%28TDX%29
56,173,55,TDX,星之卡比 三重豪华版,复制能力与可操作角色,ability_or_playable,风羽（星之卡比 三重豪华版）,Wing (Kirby: Triple Deluxe),ウィング(TDX),official,official,https://seesaawiki.jp/kirby_shinkaku/d/%a5%a6%a5%a3%a5%f3%a5%b0%28TDX%29
57,209,56,TDX,星之卡比 三重豪华版,复制能力与可操作角色,ability_or_playable,弯刀（星之卡比 三重豪华版）,Cutter (Kirby: Triple Deluxe),カッター(TDX),official,official,https://seesaawiki.jp/kirby_shinkaku/d/%a5%ab%a5%c3%a5%bf%a1%bc%28TDX%29
58,257,57,TDX,星之卡比 三重豪华版,复制能力与可操作角色,ability_or_playable,马戏团（星之卡比 三重豪华版）,Circus (Kirby: Triple Deluxe),サーカス(TDX),official,official,https://seesaawiki.jp/kirby_shinkaku/d/%a5%b5%a1%bc%a5%ab%a5%b9%28TDX%29
59,250,58,TDX,星之卡比 三重豪华版,复制能力与可操作角色,ability_or_playable,石块（星之卡比 三重豪华版）,Stone (Kirby: Triple Deluxe),ストーン(TDX),official,official,https://seesaawiki.jp/kirby_shinkaku/d/%a5%b9%a5%c8%a1%bc%a5%f3%28TDX%29
60,213,59,TDX,星之卡比 三重豪华版,复制能力与可操作角色,ability_or_playable,狙击手（星之卡比 三重豪华版）,Archer (Kirby: Triple Deluxe),スナイパー(TDX),official,official,https://seesaawiki.jp/kirby_shinkaku/d/%a5%b9%a5%ca%a5%a4%a5%d1%a1%bc%28TDX%29
61,212,60,TDX,星之卡比 三重豪华版,复制能力与可操作角色,ability_or_playable,电火花（星之卡比 三重豪华版）,Spark (Kirby: Triple Deluxe),スパーク(TDX),official,official,https://seesaawiki.jp/kirby_shinkaku/d/%a5%b9%a5%d1%a1%bc%a5%af%28TDX%29
62,72,61,TDX,星之卡比 三重豪华版,复制能力与可操作角色,ability_or_playable,枪（星之卡比 三重豪华版）,Spear (Kirby: Triple Deluxe),スピア(TDX),official,official,https://seesaawiki.jp/kirby_shinkaku/d/%a5%b9%a5%d4%a5%a2%28TDX%29
63,162,62,TDX,星之卡比 三重豪华版,复制能力与可操作角色,ability_or_playable,利剑（星之卡比 三重豪华版）,Sword (Kirby: Triple Deluxe),ソード(TDX),official,official,https://seesaawiki.jp/kirby_shinkaku/d/%a5%bd%a1%bc%a5%c9%28TDX%29
64,249,63,TDX,星之卡比 三重豪华版,复制能力与可操作角色,ability_or_playable,针（星之卡比 三重豪华版）,Needle (Kirby: Triple Deluxe),ニードル(TDX),official,official,https://seesaawiki.jp/kirby_shinkaku/d/%a5%cb%a1%bc%a5%c9%a5%eb%28TDX%29
65,136,64,TDX,星之卡比 三重豪华版,复制能力与可操作角色,ability_or_playable,忍者（星之卡比 三重豪华版）,Ninja (Kirby: Triple Deluxe),ニンジャ(TDX),official,official,https://seesaawiki.jp/kirby_shinkaku/d/%a5%cb%a5%f3%a5%b8%a5%e3%28TDX%29
66,68,65,TDX,星之卡比 三重豪华版,复制能力与可操作角色,ability_or_playable,阳伞（星之卡比 三重豪华版）,Parasol (Kirby: Triple Deluxe),パラソル(TDX),official,official,https://seesaawiki.jp/kirby_shinkaku/d/%a5%d1%a5%e9%a5%bd%a5%eb%28TDX%29
67,150,66,TDX,星之卡比 三重豪华版,复制能力与可操作角色,ability_or_playable,锤子（星之卡比 三重豪华版）,Hammer (Kirby: Triple Deluxe),ハンマー(TDX),official,official,https://seesaawiki.jp/kirby_shinkaku/d/%a5%cf%a5%f3%a5%de%a1%bc%28TDX%29
68,256,67,TDX,星之卡比 三重豪华版,复制能力与可操作角色,ability_or_playable,独角仙（星之卡比 三重豪华版）,Beetle (Kirby: Triple Deluxe),ビートル(TDX),official,official,https://seesaawiki.jp/kirby_shinkaku/d/%a5%d3%a1%bc%a5%c8%a5%eb%28TDX%29
69,241,68,TDX,星之卡比 三重豪华版,复制能力与可操作角色,ability_or_playable,光束（星之卡比 三重豪华版）,Beam (Kirby: Triple Deluxe),ビーム(TDX),official,official,https://seesaawiki.jp/kirby_shinkaku/d/%a5%d3%a1%bc%a5%e0%28TDX%29
70,233,69,TDX,星之卡比 三重豪华版,复制能力与可操作角色,ability_or_playable,烈火（星之卡比 三重豪华版）,Fire (Kirby: Triple Deluxe),ファイア(TDX),official,official,https://seesaawiki.jp/kirby_shinkaku/d/%a5%d5%a5%a1%a5%a4%a5%a2%28TDX%29
71,228,70,TDX,星之卡比 三重豪华版,复制能力与可操作角色,ability_or_playable,格斗家（星之卡比 三重豪华版）,Fighter (Kirby: Triple Deluxe),ファイター(TDX),official,official,https://seesaawiki.jp/kirby_shinkaku/d/%a5%d5%a5%a1%a5%a4%a5%bf%a1%bc%28TDX%29
72,247,71,TDX,星之卡比 三重豪华版,复制能力与可操作角色,ability_or_playable,铜铃（星之卡比 三重豪华版）,Bell (Kirby: Triple Deluxe),ベル(TDX),official,official,https://seesaawiki.jp/kirby_shinkaku/d/%a5%d9%a5%eb%28TDX%29
73,248,72,TDX,星之卡比 三重豪华版,复制能力与可操作角色,ability_or_playable,车轮（星之卡比 三重豪华版）,Wheel (Kirby: Triple Deluxe),ホイール(TDX),official,official,https://seesaawiki.jp/kirby_shinkaku/d/%a5%db%a5%a4%a1%bc%a5%eb%28TDX%29
74,154,73,TDX,星之卡比 三重豪华版,复制能力与可操作角色,ability_or_playable,炸弹（星之卡比 三重豪华版）,Bomb (Kirby: Triple Deluxe),ボム(TDX),official,official,https://seesaawiki.jp/kirby_shinkaku/d/%a5%dc%a5%e0%28TDX%29
75,229,74,TDX,星之卡比 三重豪华版,复制能力与可操作角色,ability_or_playable,叶子（星之卡比 三重豪华版）,Leaf (Kirby: Triple Deluxe),リーフ(TDX),official,official,https://seesaawiki.jp/kirby_shinkaku/d/%a5%ea%a1%bc%a5%d5%28TDX%29
76,74,75,TDX,星之卡比 三重豪华版,首领攻略,boss,首领战（星之卡比 三重豪华版）,Boss Battles (Kirby: Triple Deluxe),ボス戦(TDX),translated,translated,https://seesaawiki.jp/kirby_shinkaku/d/%a5%dc%a5%b9%c0%ef%28TDX%29
77,237,76,TDX,星之卡比 三重豪华版,首领攻略,boss,繁花大树 DX（星之卡比 三重豪华版）,Flowery Woods DX (Kirby: Triple Deluxe),ウィスピーフラワーズDX,translated,official,https://seesaawiki.jp/kirby_shinkaku/d/%a5%a6%a5%a3%a5%b9%a5%d4%a1%bc%a5%d5%a5%e9%a5%ef%a1%bc%a5%baDX
78,232,77,TDX,星之卡比 三重豪华版,首领攻略,boss,佩茵西亚 DX（星之卡比 三重豪华版）,Paintra DX (Kirby: Triple Deluxe),ペインシアDX,translated,official,https://seesaawiki.jp/kirby_shinkaku/d/%a5%da%a5%a4%a5%f3%a5%b7%a5%a2DX
79,246,78,TDX,星之卡比 三重豪华版,首领攻略,boss,独眼云 DX（星之卡比 三重豪华版）,Kracko DX (Kirby: Triple Deluxe),クラッコDX,official_reused,official,https://seesaawiki.jp/kirby_shinkaku/d/%a5%af%a5%e9%a5%c3%a5%b3DX
80,245,79,TDX,星之卡比 三重豪华版,首领攻略,boss,盘曲响尾蛇 DX（星之卡比 三重豪华版）,Coily Rattler DX (Kirby: Triple Deluxe),トグ･ロ･ガラーガDX,translated,official,https://seesaawiki.jp/kirby_shinkaku/d/%a5%c8%a5%b0%8e%a5%a5%ed%8e%a5%a5%ac%a5%e9%a1%bc%a5%acDX
81,223,80,TDX,星之卡比 三重豪华版,首领攻略,boss,火山蛙 DX（星之卡比 三重豪华版）,Pyribbit DX (Kirby: Triple Deluxe),ヴォルゲロムDX,translated,official,https://seesaawiki.jp/kirby_shinkaku/d/%a5%f4%a5%a9%a5%eb%a5%b2%a5%ed%a5%e0DX
82,244,81,TDX,星之卡比 三重豪华版,首领攻略,boss,3 只中首领军团（星之卡比 三重豪华版）,Three Mid-Bosses (Kirby: Triple Deluxe),中ボス軍団3体(TDX),translated,translated,https://seesaawiki.jp/kirby_shinkaku/d/%c3%e6%a5%dc%a5%b9%b7%b3%c3%c43%c2%ce%28TDX%29
83,243,82,TDX,星之卡比 三重豪华版,首领攻略,boss,4 只中首领军团（星之卡比 三重豪华版）,Four Mid-Bosses (Kirby: Triple Deluxe),中ボス軍団4体(TDX),translated,translated,https://seesaawiki.jp/kirby_shinkaku/d/%c3%e6%a5%dc%a5%b9%b7%b3%c3%c44%c2%ce%28TDX%29
84,240,83,TDX,星之卡比 三重豪华版,首领攻略,boss,女王·塞昆托霓雅 DX（星之卡比 三重豪华版）,Queen Sectonia DX (Kirby: Triple Deluxe),クィン･セクトニアDX,official_reused,official,https://seesaawiki.jp/kirby_shinkaku/d/%a5%af%a5%a3%a5%f3%8e%a5%a5%bb%a5%af%a5%c8%a5%cb%a5%a2DX
85,242,84,TDX,星之卡比 三重豪华版,首领攻略,boss,暗影帝帝帝（星之卡比 三重豪华版）,Shadow Dedede (Kirby: Triple Deluxe),ブラックデデデ,translated,official,https://seesaawiki.jp/kirby_shinkaku/d/%a5%d6%a5%e9%a5%c3%a5%af%a5%c7%a5%c7%a5%c7
86,238,85,TDX,星之卡比 三重豪华版,首领攻略,boss,暗魅塔骑士复仇战（星之卡比 三重豪华版）,Dark Meta Knight's Revenge (Kirby: Triple Deluxe),ダークメタナイト リベンジ,translated,official,https://seesaawiki.jp/kirby_shinkaku/d/%a5%c0%a1%bc%a5%af%a5%e1%a5%bf%a5%ca%a5%a4%a5%c8%20%a5%ea%a5%d9%a5%f3%a5%b8
87,234,86,TDX,星之卡比 三重豪华版,首领攻略,boss,塞昆托霓雅之魂（星之卡比 三重豪华版）,Soul of Sectonia (Kirby: Triple Deluxe),セクトニア ソウル,translated,official,https://seesaawiki.jp/kirby_shinkaku/d/%a5%bb%a5%af%a5%c8%a5%cb%a5%a2%20%a5%bd%a5%a6%a5%eb
88,166,88,RBP,星之卡比 机器人星球,综合资料,mechanics_or_reference,游戏机制（星之卡比 机器人星球）,Game Mechanics (Kirby: Planet Robobot),仕様(RBP),translated,translated,https://seesaawiki.jp/kirby_shinkaku/d/%bb%c5%cd%cd%28RBP%29
89,198,89,RBP,星之卡比 机器人星球,综合资料,mechanics_or_reference,术语与技巧（星之卡比 机器人星球）,Glossary and Techniques (Kirby: Planet Robobot),用語集・テクニック(RBP),translated,translated,https://seesaawiki.jp/kirby_shinkaku/d/%cd%d1%b8%ec%bd%b8%a1%a6%a5%c6%a5%af%a5%cb%a5%c3%a5%af%28RBP%29
90,1,128,RBP,星之卡比 机器人星球,综合资料,media_or_records,视频馆（星之卡比 机器人星球）,Video Gallery (Kirby: Planet Robobot),動画館(RBP),translated,translated,https://seesaawiki.jp/kirby_shinkaku/d/%c6%b0%b2%e8%b4%db%28RBP%29
91,69,90,RBP,星之卡比 机器人星球,复制能力与可操作角色,ability_or_playable,复制能力一览（星之卡比 机器人星球）,Copy Ability List (Kirby: Planet Robobot),コピー能力一覧(RBP),translated,translated,https://seesaawiki.jp/kirby_shinkaku/d/%a5%b3%a5%d4%a1%bc%c7%bd%ce%cf%b0%ec%cd%f7%28RBP%29
92,130,91,RBP,星之卡比 机器人星球,复制能力与可操作角色,ability_or_playable,冰冻（星之卡比 机器人星球）,Ice (Kirby: Planet Robobot),アイス(RBP),official,official,https://seesaawiki.jp/kirby_shinkaku/d/%a5%a2%a5%a4%a5%b9%28RBP%29
93,129,92,RBP,星之卡比 机器人星球,复制能力与可操作角色,ability_or_playable,鞭子（星之卡比 机器人星球）,Whip (Kirby: Planet Robobot),ウィップ(RBP),official,official,https://seesaawiki.jp/kirby_shinkaku/d/%a5%a6%a5%a3%a5%c3%a5%d7%28RBP%29
94,128,93,RBP,星之卡比 机器人星球,复制能力与可操作角色,ability_or_playable,超能力（星之卡比 机器人星球）,ESP (Kirby: Planet Robobot),エスパー(RBP),official,official,https://seesaawiki.jp/kirby_shinkaku/d/%a5%a8%a5%b9%a5%d1%a1%bc%28RBP%29
95,65,94,RBP,星之卡比 机器人星球,复制能力与可操作角色,ability_or_playable,弯刀（星之卡比 机器人星球）,Cutter (Kirby: Planet Robobot),カッター(RBP),official,official,https://seesaawiki.jp/kirby_shinkaku/d/%a5%ab%a5%c3%a5%bf%a1%bc%28RBP%29
96,127,95,RBP,星之卡比 机器人星球,复制能力与可操作角色,ability_or_playable,马戏团（星之卡比 机器人星球）,Circus (Kirby: Planet Robobot),サーカス(RBP),official,official,https://seesaawiki.jp/kirby_shinkaku/d/%a5%b5%a1%bc%a5%ab%a5%b9%28RBP%29
97,126,96,RBP,星之卡比 机器人星球,复制能力与可操作角色,ability_or_playable,喷射机（星之卡比 机器人星球）,Jet (Kirby: Planet Robobot),ジェット(RBP),official,official,https://seesaawiki.jp/kirby_shinkaku/d/%a5%b8%a5%a7%a5%c3%a5%c8%28RBP%29
98,125,97,RBP,星之卡比 机器人星球,复制能力与可操作角色,ability_or_playable,石块（星之卡比 机器人星球）,Stone (Kirby: Planet Robobot),ストーン(RBP),official,official,https://seesaawiki.jp/kirby_shinkaku/d/%a5%b9%a5%c8%a1%bc%a5%f3%28RBP%29
99,124,98,RBP,星之卡比 机器人星球,复制能力与可操作角色,ability_or_playable,狙击手（星之卡比 机器人星球）,Archer (Kirby: Planet Robobot),スナイパー(RBP),official,official,https://seesaawiki.jp/kirby_shinkaku/d/%a5%b9%a5%ca%a5%a4%a5%d1%a1%bc%28RBP%29
100,67,99,RBP,星之卡比 机器人星球,复制能力与可操作角色,ability_or_playable,电火花（星之卡比 机器人星球）,Spark (Kirby: Planet Robobot),スパーク(RBP),official,official,https://seesaawiki.jp/kirby_shinkaku/d/%a5%b9%a5%d1%a1%bc%a5%af%28RBP%29
101,123,100,RBP,星之卡比 机器人星球,复制能力与可操作角色,ability_or_playable,大乱斗（星之卡比 机器人星球）,Smash Bros. (Kirby: Planet Robobot),スマブラ(RBP),official,official,https://seesaawiki.jp/kirby_shinkaku/d/%a5%b9%a5%de%a5%d6%a5%e9%28RBP%29
102,12,101,RBP,星之卡比 机器人星球,复制能力与可操作角色,ability_or_playable,利剑（星之卡比 机器人星球）,Sword (Kirby: Planet Robobot),ソード(RBP),official,official,https://seesaawiki.jp/kirby_shinkaku/d/%a5%bd%a1%bc%a5%c9%28RBP%29
103,30,102,RBP,星之卡比 机器人星球,复制能力与可操作角色,ability_or_playable,医生（星之卡比 机器人星球）,Doctor (Kirby: Planet Robobot),ドクター(RBP),official,official,https://seesaawiki.jp/kirby_shinkaku/d/%a5%c9%a5%af%a5%bf%a1%bc%28RBP%29
104,122,103,RBP,星之卡比 机器人星球,复制能力与可操作角色,ability_or_playable,忍者（星之卡比 机器人星球）,Ninja (Kirby: Planet Robobot),ニンジャ(RBP),official,official,https://seesaawiki.jp/kirby_shinkaku/d/%a5%cb%a5%f3%a5%b8%a5%e3%28RBP%29
105,121,104,RBP,星之卡比 机器人星球,复制能力与可操作角色,ability_or_playable,阳伞（星之卡比 机器人星球）,Parasol (Kirby: Planet Robobot),パラソル(RBP),official,official,https://seesaawiki.jp/kirby_shinkaku/d/%a5%d1%a5%e9%a5%bd%a5%eb%28RBP%29
106,120,105,RBP,星之卡比 机器人星球,复制能力与可操作角色,ability_or_playable,锤子（星之卡比 机器人星球）,Hammer (Kirby: Planet Robobot),ハンマー(RBP),official,official,https://seesaawiki.jp/kirby_shinkaku/d/%a5%cf%a5%f3%a5%de%a1%bc%28RBP%29
107,119,106,RBP,星之卡比 机器人星球,复制能力与可操作角色,ability_or_playable,光束（星之卡比 机器人星球）,Beam (Kirby: Planet Robobot),ビーム(RBP),official,official,https://seesaawiki.jp/kirby_shinkaku/d/%a5%d3%a1%bc%a5%e0%28RBP%29
108,118,107,RBP,星之卡比 机器人星球,复制能力与可操作角色,ability_or_playable,烈火（星之卡比 机器人星球）,Fire (Kirby: Planet Robobot),ファイア(RBP),official,official,https://seesaawiki.jp/kirby_shinkaku/d/%a5%d5%a5%a1%a5%a4%a5%a2%28RBP%29
109,11,108,RBP,星之卡比 机器人星球,复制能力与可操作角色,ability_or_playable,格斗家（星之卡比 机器人星球）,Fighter (Kirby: Planet Robobot),ファイター(RBP),official,official,https://seesaawiki.jp/kirby_shinkaku/d/%a5%d5%a5%a1%a5%a4%a5%bf%a1%bc%28RBP%29
110,16,109,RBP,星之卡比 机器人星球,复制能力与可操作角色,ability_or_playable,车轮（星之卡比 机器人星球）,Wheel (Kirby: Planet Robobot),ホイール(RBP),official,official,https://seesaawiki.jp/kirby_shinkaku/d/%a5%db%a5%a4%a1%bc%a5%eb%28RBP%29
111,117,110,RBP,星之卡比 机器人星球,复制能力与可操作角色,ability_or_playable,毒液（星之卡比 机器人星球）,Poison (Kirby: Planet Robobot),ポイズン(RBP),official,official,https://seesaawiki.jp/kirby_shinkaku/d/%a5%dd%a5%a4%a5%ba%a5%f3%28RBP%29
112,116,111,RBP,星之卡比 机器人星球,复制能力与可操作角色,ability_or_playable,炸弹（星之卡比 机器人星球）,Bomb (Kirby: Planet Robobot),ボム(RBP),official,official,https://seesaawiki.jp/kirby_shinkaku/d/%a5%dc%a5%e0%28RBP%29
113,115,112,RBP,星之卡比 机器人星球,复制能力与可操作角色,ability_or_playable,镜子（星之卡比 机器人星球）,Mirror (Kirby: Planet Robobot),ミラー(RBP),official,official,https://seesaawiki.jp/kirby_shinkaku/d/%a5%df%a5%e9%a1%bc%28RBP%29
114,114,113,RBP,星之卡比 机器人星球,复制能力与可操作角色,ability_or_playable,叶子（星之卡比 机器人星球）,Leaf (Kirby: Planet Robobot),リーフ(RBP),official,official,https://seesaawiki.jp/kirby_shinkaku/d/%a5%ea%a1%bc%a5%d5%28RBP%29
115,113,114,RBP,星之卡比 机器人星球,复制能力与可操作角色,ability_or_playable,幽浮（星之卡比 机器人星球）,UFO (Kirby: Planet Robobot),U.F.O.(RBP),official,official,https://seesaawiki.jp/kirby_shinkaku/d/U%2eF%2eO%2e%28RBP%29
116,80,115,RBP,星之卡比 机器人星球,首领攻略,boss,首领战（星之卡比 机器人星球）,Boss Battles (Kirby: Planet Robobot),ボス戦(RBP),translated,translated,https://seesaawiki.jp/kirby_shinkaku/d/%a5%dc%a5%b9%c0%ef%28RBP%29
117,102,116,RBP,星之卡比 机器人星球,首领攻略,boss,Re:机械风语大树（星之卡比 机器人星球）,Clanky Woods 2.0 (Kirby: Planet Robobot),Re:ウィスピーボーグ,translated,official,https://seesaawiki.jp/kirby_shinkaku/d/Re%3a%a5%a6%a5%a3%a5%b9%a5%d4%a1%bc%a5%dc%a1%bc%a5%b0
118,101,117,RBP,星之卡比 机器人星球,首领攻略,boss,Re:全息图防卫系统（星之卡比 机器人星球）,Holo Defense API 2.0 (Kirby: Planet Robobot),Re:ホログラフ防衛システムズ,translated,official,https://seesaawiki.jp/kirby_shinkaku/d/Re%3a%a5%db%a5%ed%a5%b0%a5%e9%a5%d5%cb%c9%b1%d2%a5%b7%a5%b9%a5%c6%a5%e0%a5%ba
119,100,118,RBP,星之卡比 机器人星球,首领攻略,boss,Re:秘书苏姿（星之卡比 机器人星球）,Susie 2.0 (Kirby: Planet Robobot),Re:秘書スージー,official,official,https://seesaawiki.jp/kirby_shinkaku/d/Re%3a%c8%eb%bd%f1%a5%b9%a1%bc%a5%b8%a1%bc
120,99,119,RBP,星之卡比 机器人星球,首领攻略,boss,中首领全明星 1（星之卡比 机器人星球）,Mid-Boss All Stars 1 (Kirby: Planet Robobot),中ボス オールスターズ1,translated,translated,https://seesaawiki.jp/kirby_shinkaku/d/%c3%e6%a5%dc%a5%b9%20%a5%aa%a1%bc%a5%eb%a5%b9%a5%bf%a1%bc%a5%ba1
121,98,120,RBP,星之卡比 机器人星球,首领攻略,boss,强化量产魅塔骑士博格（星之卡比 机器人星球）,Stock Mecha Knight (Kirby: Planet Robobot),強化量産メタナイトボーグ,translated,official,https://seesaawiki.jp/kirby_shinkaku/d/%b6%af%b2%bd%ce%cc%bb%ba%a5%e1%a5%bf%a5%ca%a5%a4%a5%c8%a5%dc%a1%bc%a5%b0
122,31,121,RBP,星之卡比 机器人星球,首领攻略,boss,Re:克隆帝帝帝（星之卡比 机器人星球）,Dedede Clone 2.0 (Kirby: Planet Robobot),Re:クローンデデデ,translated,official,https://seesaawiki.jp/kirby_shinkaku/d/Re%3a%a5%af%a5%ed%a1%bc%a5%f3%a5%c7%a5%c7%a5%c7
123,97,122,RBP,星之卡比 机器人星球,首领攻略,boss,C.O.G.S.基地&核心卡布拉（星之卡比 机器人星球）,C.O.G.S. & Core Kabula (Kirby: Planet Robobot),ンギュア基地&コア･カブーラー,translated,official,https://seesaawiki.jp/kirby_shinkaku/d/%a5%f3%a5%ae%a5%e5%a5%a2%b4%f0%c3%cf%26%a5%b3%a5%a2%8e%a5%a5%ab%a5%d6%a1%bc%a5%e9%a1%bc
124,78,123,RBP,星之卡比 机器人星球,首领攻略,boss,中首领全明星 2（星之卡比 机器人星球）,Mid-Boss All Stars 2 (Kirby: Planet Robobot),中ボス オールスターズ2,translated,translated,https://seesaawiki.jp/kirby_shinkaku/d/%c3%e6%a5%dc%a5%b9%20%a5%aa%a1%bc%a5%eb%a5%b9%a5%bf%a1%bc%a5%ba2
125,79,124,RBP,星之卡比 机器人星球,首领攻略,boss,Re:总裁·哈鲁特曼（星之卡比 机器人星球）,President Haltmann 2.0 (Kirby: Planet Robobot),Re:プレジデント･ハルトマン,official_reused,official,https://seesaawiki.jp/kirby_shinkaku/d/Re%3a%a5%d7%a5%ec%a5%b8%a5%c7%a5%f3%a5%c8%8e%a5%a5%cf%a5%eb%a5%c8%a5%de%a5%f3
126,77,125,RBP,星之卡比 机器人星球,首领攻略,boss,克隆剑士暗物质&克隆塞昆托霓雅（星之卡比 机器人星球）,Dark Matter Clone & Sectonia Clone (Kirby: Planet Robobot),クローン剣士ダークマター&クローンセクトニア,translated,official,https://seesaawiki.jp/kirby_shinkaku/d/%a5%af%a5%ed%a1%bc%a5%f3%b7%f5%bb%ce%a5%c0%a1%bc%a5%af%a5%de%a5%bf%a1%bc%26%a5%af%a5%ed%a1%bc%a5%f3%a5%bb%a5%af%a5%c8%a5%cb%a5%a2
127,76,126,RBP,星之卡比 机器人星球,首领攻略,boss,归来的星河骑士（星之卡比 机器人星球）,Galacta Knight Returns (Kirby: Planet Robobot),ギャラクティックナイト リターンズ,translated,official,https://seesaawiki.jp/kirby_shinkaku/d/%a5%ae%a5%e3%a5%e9%a5%af%a5%c6%a5%a3%a5%c3%a5%af%a5%ca%a5%a4%a5%c8%20%a5%ea%a5%bf%a1%bc%a5%f3%a5%ba
128,75,127,RBP,星之卡比 机器人星球,首领攻略,boss,星之梦.Soul OS（星之卡比 机器人星球）,Star Dream Soul OS (Kirby: Planet Robobot),星の夢.Soul OS,official_reused,official,https://seesaawiki.jp/kirby_shinkaku/d/%c0%b1%a4%ce%cc%b4%2eSoul%20OS
129,164,129,STA,星之卡比 新星同盟,综合资料,mechanics_or_reference,游戏机制（星之卡比 新星同盟）,Game Mechanics (Kirby Star Allies),仕様(STA),translated,translated,https://seesaawiki.jp/kirby_shinkaku/d/%bb%c5%cd%cd%28STA%29
130,172,130,STA,星之卡比 新星同盟,综合资料,mechanics_or_reference,术语与技巧（星之卡比 新星同盟）,Glossary and Techniques (Kirby Star Allies),用語集・テクニック(STA),translated,translated,https://seesaawiki.jp/kirby_shinkaku/d/%cd%d1%b8%ec%bd%b8%a1%a6%a5%c6%a5%af%a5%cb%a5%c3%a5%af%28STA%29
131,4,200,STA,星之卡比 新星同盟,综合资料,media_or_records,视频馆（星之卡比 新星同盟）,Video Gallery (Kirby Star Allies),動画館(STA),translated,translated,https://seesaawiki.jp/kirby_shinkaku/d/%c6%b0%b2%e8%b4%db%28STA%29
132,2,201,STA,星之卡比 新星同盟,综合资料,media_or_records,纪录集（星之卡比 新星同盟）,Records (Kirby Star Allies),記録集(STA),translated,translated,https://seesaawiki.jp/kirby_shinkaku/d/%b5%ad%cf%bf%bd%b8%28STA%29
133,177,131,STA,星之卡比 新星同盟,复制能力与可操作角色,ability_or_playable,复制能力一览（星之卡比 新星同盟）,Copy Ability List (Kirby Star Allies),コピー能力一覧(STA),translated,translated,https://seesaawiki.jp/kirby_shinkaku/d/%a5%b3%a5%d4%a1%bc%c7%bd%ce%cf%b0%ec%cd%f7%28STA%29
134,225,132,STA,星之卡比 新星同盟,复制能力与可操作角色,ability_or_playable,艺术家（星之卡比 新星同盟）,Artist (Kirby Star Allies),アーティスト(STA),official,official,https://seesaawiki.jp/kirby_shinkaku/d/%a5%a2%a1%bc%a5%c6%a5%a3%a5%b9%a5%c8%28STA%29
135,226,133,STA,星之卡比 新星同盟,复制能力与可操作角色,ability_or_playable,冰冻（星之卡比 新星同盟）,Ice (Kirby Star Allies),アイス(STA),official,official,https://seesaawiki.jp/kirby_shinkaku/d/%a5%a2%a5%a4%a5%b9%28STA%29
136,258,134,STA,星之卡比 新星同盟,复制能力与可操作角色,ability_or_playable,鞭子（星之卡比 新星同盟）,Whip (Kirby Star Allies),ウィップ(STA),official,official,https://seesaawiki.jp/kirby_shinkaku/d/%a5%a6%a5%a3%a5%c3%a5%d7%28STA%29
137,259,135,STA,星之卡比 新星同盟,复制能力与可操作角色,ability_or_playable,风羽（星之卡比 新星同盟）,Wing (Kirby Star Allies),ウィング(STA),official,official,https://seesaawiki.jp/kirby_shinkaku/d/%a5%a6%a5%a3%a5%f3%a5%b0%28STA%29
138,9,136,STA,星之卡比 新星同盟,复制能力与可操作角色,ability_or_playable,清水（星之卡比 新星同盟）,Water (Kirby Star Allies),ウォーター(STA),official,official,https://seesaawiki.jp/kirby_shinkaku/d/%a5%a6%a5%a9%a1%bc%a5%bf%a1%bc%28STA%29
139,297,137,STA,星之卡比 新星同盟,复制能力与可操作角色,ability_or_playable,超能力（星之卡比 新星同盟）,ESP (Kirby Star Allies),エスパー(STA),official,official,https://seesaawiki.jp/kirby_shinkaku/d/%a5%a8%a5%b9%a5%d1%a1%bc%28STA%29
140,221,138,STA,星之卡比 新星同盟,复制能力与可操作角色,ability_or_playable,弯刀（星之卡比 新星同盟）,Cutter (Kirby Star Allies),カッター(STA),official,official,https://seesaawiki.jp/kirby_shinkaku/d/%a5%ab%a5%c3%a5%bf%a1%bc%28STA%29
141,211,139,STA,星之卡比 新星同盟,复制能力与可操作角色,ability_or_playable,清洁（星之卡比 新星同盟）,Cleaning (Kirby Star Allies),クリーン(STA),official,official,https://seesaawiki.jp/kirby_shinkaku/d/%a5%af%a5%ea%a1%bc%a5%f3%28STA%29
142,276,140,STA,星之卡比 新星同盟,复制能力与可操作角色,ability_or_playable,摔角手（星之卡比 新星同盟）,Suplex (Kirby Star Allies),スープレックス(STA),official,official,https://seesaawiki.jp/kirby_shinkaku/d/%a5%b9%a1%bc%a5%d7%a5%ec%a5%c3%a5%af%a5%b9%28STA%29
143,280,141,STA,星之卡比 新星同盟,复制能力与可操作角色,ability_or_playable,如意棒（星之卡比 新星同盟）,Staff (Kirby Star Allies),スティック(STA),official,official,https://seesaawiki.jp/kirby_shinkaku/d/%a5%b9%a5%c6%a5%a3%a5%c3%a5%af%28STA%29
144,251,142,STA,星之卡比 新星同盟,复制能力与可操作角色,ability_or_playable,石块（星之卡比 新星同盟）,Stone (Kirby Star Allies),ストーン(STA),official,official,https://seesaawiki.jp/kirby_shinkaku/d/%a5%b9%a5%c8%a1%bc%a5%f3%28STA%29
145,285,143,STA,星之卡比 新星同盟,复制能力与可操作角色,ability_or_playable,蜘蛛（星之卡比 新星同盟）,Spider (Kirby Star Allies),スパイダー(STA),official,official,https://seesaawiki.jp/kirby_shinkaku/d/%a5%b9%a5%d1%a5%a4%a5%c0%a1%bc%28STA%29
146,208,144,STA,星之卡比 新星同盟,复制能力与可操作角色,ability_or_playable,利剑（星之卡比 新星同盟）,Sword (Kirby Star Allies),ソード(STA),official,official,https://seesaawiki.jp/kirby_shinkaku/d/%a5%bd%a1%bc%a5%c9%28STA%29
147,227,145,STA,星之卡比 新星同盟,复制能力与可操作角色,ability_or_playable,忍者（星之卡比 新星同盟）,Ninja (Kirby Star Allies),ニンジャ(STA),official,official,https://seesaawiki.jp/kirby_shinkaku/d/%a5%cb%a5%f3%a5%b8%a5%e3%28STA%29
148,278,146,STA,星之卡比 新星同盟,复制能力与可操作角色,ability_or_playable,阳伞（星之卡比 新星同盟）,Parasol (Kirby Star Allies),パラソル(STA),official,official,https://seesaawiki.jp/kirby_shinkaku/d/%a5%d1%a5%e9%a5%bd%a5%eb%28STA%29
149,176,147,STA,星之卡比 新星同盟,复制能力与可操作角色,ability_or_playable,锤子（星之卡比 新星同盟）,Hammer (Kirby Star Allies),ハンマー(STA),official,official,https://seesaawiki.jp/kirby_shinkaku/d/%a5%cf%a5%f3%a5%de%a1%bc%28STA%29
150,168,148,STA,星之卡比 新星同盟,复制能力与可操作角色,ability_or_playable,独角仙（星之卡比 新星同盟）,Beetle (Kirby Star Allies),ビートル(STA),official,official,https://seesaawiki.jp/kirby_shinkaku/d/%a5%d3%a1%bc%a5%c8%a5%eb%28STA%29
151,175,149,STA,星之卡比 新星同盟,复制能力与可操作角色,ability_or_playable,光束（星之卡比 新星同盟）,Beam (Kirby Star Allies),ビーム(STA),official,official,https://seesaawiki.jp/kirby_shinkaku/d/%a5%d3%a1%bc%a5%e0%28STA%29
152,255,150,STA,星之卡比 新星同盟,复制能力与可操作角色,ability_or_playable,烈火（星之卡比 新星同盟）,Fire (Kirby Star Allies),ファイア(STA),official,official,https://seesaawiki.jp/kirby_shinkaku/d/%a5%d5%a5%a1%a5%a4%a5%a2%28STA%29
153,218,151,STA,星之卡比 新星同盟,复制能力与可操作角色,ability_or_playable,格斗家（星之卡比 新星同盟）,Fighter (Kirby Star Allies),ファイター(STA),official,official,https://seesaawiki.jp/kirby_shinkaku/d/%a5%d5%a5%a1%a5%a4%a5%bf%a1%bc%28STA%29
154,219,152,STA,星之卡比 新星同盟,复制能力与可操作角色,ability_or_playable,电离子（星之卡比 新星同盟）,Plasma (Kirby Star Allies),プラズマ(STA),official,official,https://seesaawiki.jp/kirby_shinkaku/d/%a5%d7%a5%e9%a5%ba%a5%de%28STA%29
155,279,153,STA,星之卡比 新星同盟,复制能力与可操作角色,ability_or_playable,炸弹（星之卡比 新星同盟）,Bomb (Kirby Star Allies),ボム(STA),official,official,https://seesaawiki.jp/kirby_shinkaku/d/%a5%dc%a5%e0%28STA%29
156,261,154,STA,星之卡比 新星同盟,复制能力与可操作角色,ability_or_playable,溜溜球（星之卡比 新星同盟）,Yo-Yo (Kirby Star Allies),ヨーヨー(STA),official,official,https://seesaawiki.jp/kirby_shinkaku/d/%a5%e8%a1%bc%a5%e8%a1%bc%28STA%29
157,286,155,STA,星之卡比 新星同盟,复制能力与可操作角色,ability_or_playable,厨师川崎（星之卡比 新星同盟）,Chef Kawasaki (Kirby Star Allies),コックカワサキ(STA),official,official,https://seesaawiki.jp/kirby_shinkaku/d/%a5%b3%a5%c3%a5%af%a5%ab%a5%ef%a5%b5%a5%ad%28STA%29
158,224,156,STA,星之卡比 新星同盟,复制能力与可操作角色,ability_or_playable,头巾瓦豆鲁迪（星之卡比 新星同盟）,Bandana Waddle Dee (Kirby Star Allies),バンダナワドルディ(STA),official,official,https://seesaawiki.jp/kirby_shinkaku/d/%a5%d0%a5%f3%a5%c0%a5%ca%a5%ef%a5%c9%a5%eb%a5%c7%a5%a3%28STA%29
159,262,157,STA,星之卡比 新星同盟,复制能力与可操作角色,ability_or_playable,帝帝帝大王（星之卡比 新星同盟 · 复制能力与可操作角色）,King Dedede (Kirby Star Allies - Copy Abilities and Playable Characters),デデデ大王(STA),official,official,https://seesaawiki.jp/kirby_shinkaku/d/%a5%c7%a5%c7%a5%c7%c2%e7%b2%a6%28STA%29
160,171,158,STA,星之卡比 新星同盟,复制能力与可操作角色,ability_or_playable,魅塔骑士（星之卡比 新星同盟 · 复制能力与可操作角色）,Meta Knight (Kirby Star Allies - Copy Abilities and Playable Characters),メタナイト(STA),official,official,https://seesaawiki.jp/kirby_shinkaku/d/%a5%e1%a5%bf%a5%ca%a5%a4%a5%c8%28STA%29
161,263,159,STA,星之卡比 新星同盟,复制能力与可操作角色,ability_or_playable,陆库&海恩&空（星之卡比 新星同盟）,Rick & Kine & Coo (Kirby Star Allies),リック&カイン&クー(STA),official,official,https://seesaawiki.jp/kirby_shinkaku/d/%a5%ea%a5%c3%a5%af%26%a5%ab%a5%a4%a5%f3%26%a5%af%a1%bc%28STA%29
162,71,160,STA,星之卡比 新星同盟,复制能力与可操作角色,ability_or_playable,马克（星之卡比 新星同盟）,Marx (Kirby Star Allies),マルク(STA),official,official,https://seesaawiki.jp/kirby_shinkaku/d/%a5%de%a5%eb%a5%af%28STA%29
163,252,161,STA,星之卡比 新星同盟,复制能力与可操作角色,ability_or_playable,古依（星之卡比 新星同盟）,Gooey (Kirby Star Allies),グーイ(STA),official,official,https://seesaawiki.jp/kirby_shinkaku/d/%a5%b0%a1%bc%a5%a4%28STA%29
164,66,162,STA,星之卡比 新星同盟,复制能力与可操作角色,ability_or_playable,阿朵莱妮&莉宝（星之卡比 新星同盟）,Adeleine & Ribbon (Kirby Star Allies),アドレーヌ&リボン(STA),official,official,https://seesaawiki.jp/kirby_shinkaku/d/%a5%a2%a5%c9%a5%ec%a1%bc%a5%cc%26%a5%ea%a5%dc%a5%f3%28STA%29
165,222,163,STA,星之卡比 新星同盟,复制能力与可操作角色,ability_or_playable,暗魅塔骑士（星之卡比 新星同盟）,Dark Meta Knight (Kirby Star Allies),ダークメタナイト(STA),official,official,https://seesaawiki.jp/kirby_shinkaku/d/%a5%c0%a1%bc%a5%af%a5%e1%a5%bf%a5%ca%a5%a4%a5%c8%28STA%29
166,253,164,STA,星之卡比 新星同盟,复制能力与可操作角色,ability_or_playable,怪盗洛切（星之卡比 新星同盟）,Daroach (Kirby Star Allies),ドロッチェ(STA),official,official,https://seesaawiki.jp/kirby_shinkaku/d/%a5%c9%a5%ed%a5%c3%a5%c1%a5%a7%28STA%29
167,163,165,STA,星之卡比 新星同盟,复制能力与可操作角色,ability_or_playable,魔法洛亚（星之卡比 新星同盟）,Magolor (Kirby Star Allies),マホロア(STA),official,official,https://seesaawiki.jp/kirby_shinkaku/d/%a5%de%a5%db%a5%ed%a5%a2%28STA%29
168,135,166,STA,星之卡比 新星同盟,复制能力与可操作角色,ability_or_playable,塔朗萨（星之卡比 新星同盟）,Taranza (Kirby Star Allies),タランザ(STA),official,official,https://seesaawiki.jp/kirby_shinkaku/d/%a5%bf%a5%e9%a5%f3%a5%b6%28STA%29
169,161,167,STA,星之卡比 新星同盟,复制能力与可操作角色,ability_or_playable,秘书苏姿（星之卡比 新星同盟）,Susie (Kirby Star Allies),秘書スージー(STA),official,official,https://seesaawiki.jp/kirby_shinkaku/d/%c8%eb%bd%f1%a5%b9%a1%bc%a5%b8%a1%bc%28STA%29
170,236,168,STA,星之卡比 新星同盟,复制能力与可操作角色,ability_or_playable,三魔官姐妹（星之卡比 新星同盟 · 复制能力与可操作角色）,The Three Mage-Sisters (Kirby Star Allies - Copy Abilities and Playable Characters),三魔官シスターズ(STA),official,official,https://seesaawiki.jp/kirby_shinkaku/d/%bb%b0%cb%e2%b4%b1%a5%b7%a5%b9%a5%bf%a1%bc%a5%ba%28STA%29
171,180,169,STA,星之卡比 新星同盟,首领攻略,boss,首领战（星之卡比 新星同盟）,Boss Battles (Kirby Star Allies),ボス戦(STA),translated,translated,https://seesaawiki.jp/kirby_shinkaku/d/%a5%dc%a5%b9%c0%ef%28STA%29
172,239,170,STA,星之卡比 新星同盟,首领攻略,boss,远古巨树（星之卡比 新星同盟）,Yggy Woods (Kirby Star Allies),ユグドラルウッズ,official,official,https://seesaawiki.jp/kirby_shinkaku/d/%a5%e6%a5%b0%a5%c9%a5%e9%a5%eb%a5%a6%a5%c3%a5%ba
173,266,171,STA,星之卡比 新星同盟,首领攻略,boss,中首领军团 1（星之卡比 新星同盟）,Mid-Boss Group 1 (Kirby Star Allies),中ボス軍団1(STA),translated,translated,https://seesaawiki.jp/kirby_shinkaku/d/%c3%e6%a5%dc%a5%b9%b7%b3%c3%c41%28STA%29
174,283,172,STA,星之卡比 新星同盟,首领攻略,boss,帝帝帝大王（星之卡比 新星同盟 · 首领攻略）,King Dedede (Kirby Star Allies - Boss Guides),デデデ大王(ボス戦),official,official,https://seesaawiki.jp/kirby_shinkaku/d/%a5%c7%a5%c7%a5%c7%c2%e7%b2%a6%28%a5%dc%a5%b9%c0%ef%29
175,282,173,STA,星之卡比 新星同盟,首领攻略,boss,中首领军团 2（星之卡比 新星同盟）,Mid-Boss Group 2 (Kirby Star Allies),中ボス軍団2(STA),translated,translated,https://seesaawiki.jp/kirby_shinkaku/d/%c3%e6%a5%dc%a5%b9%b7%b3%c3%c42%28STA%29
176,274,174,STA,星之卡比 新星同盟,首领攻略,boss,魅塔骑士（星之卡比 新星同盟 · 首领攻略）,Meta Knight (Kirby Star Allies - Boss Guides),メタナイト(ボス戦),official,official,https://seesaawiki.jp/kirby_shinkaku/d/%a5%e1%a5%bf%a5%ca%a5%a4%a5%c8%28%a5%dc%a5%b9%c0%ef%29
177,272,175,STA,星之卡比 新星同盟,首领攻略 / Extra 首领攻略,guide_or_navigation,金角银角（星之卡比 新星同盟）,Goldon & Silvox (Kirby Star Allies),ゴールドン&シルバックス,official,official,https://seesaawiki.jp/kirby_shinkaku/d/%a5%b4%a1%bc%a5%eb%a5%c9%a5%f3%26%a5%b7%a5%eb%a5%d0%a5%c3%a5%af%a5%b9
178,298,176,STA,星之卡比 新星同盟,首领攻略,boss,独眼云&双重独眼云（星之卡比 新星同盟）,Kracko & Twin Kracko (Kirby Star Allies),クラッコ&ツインクラッコ,official,official,https://seesaawiki.jp/kirby_shinkaku/d/%a5%af%a5%e9%a5%c3%a5%b3%26%a5%c4%a5%a4%a5%f3%a5%af%a5%e9%a5%c3%a5%b3
179,281,177,STA,星之卡比 新星同盟,首领攻略,boss,冰斧基斯（星之卡比 新星同盟）,Francisca (Kirby Star Allies),フラン・キッス,official,official,https://seesaawiki.jp/kirby_shinkaku/d/%a5%d5%a5%e9%a5%f3%a1%a6%a5%ad%a5%c3%a5%b9
180,275,178,STA,星之卡比 新星同盟,首领攻略,boss,炎剑露啾（星之卡比 新星同盟）,Flamberge (Kirby Star Allies),フラン・ルージュ,official,official,https://seesaawiki.jp/kirby_shinkaku/d/%a5%d5%a5%e9%a5%f3%a1%a6%a5%eb%a1%bc%a5%b8%a5%e5
181,299,179,STA,星之卡比 新星同盟,首领攻略,boss,雷枪帕噜提扎努（星之卡比 新星同盟）,Zan Partizanne (Kirby Star Allies),ザン・パルルティザーヌ,official,official,https://seesaawiki.jp/kirby_shinkaku/d/%a5%b6%a5%f3%a1%a6%a5%d1%a5%eb%a5%eb%a5%c6%a5%a3%a5%b6%a1%bc%a5%cc
182,277,180,STA,星之卡比 新星同盟,首领攻略,boss,魔神官 海内司（星之卡比 新星同盟）,Hyness (Kirby Star Allies),ハイネス,official,official,https://seesaawiki.jp/kirby_shinkaku/d/%a5%cf%a5%a4%a5%cd%a5%b9
183,273,181,STA,星之卡比 新星同盟,首领攻略,boss,冥蝶骑士（星之卡比 新星同盟）,Morpho Knight (Kirby Star Allies),バルフレイナイト,official,official,https://seesaawiki.jp/kirby_shinkaku/d/%a5%d0%a5%eb%a5%d5%a5%ec%a5%a4%a5%ca%a5%a4%a5%c8
184,214,182,STA,星之卡比 新星同盟,首领攻略,boss,终焉·虚无（星之卡比 新星同盟）,Void Termina (Kirby Star Allies),エンデ・ニル,official,official,https://seesaawiki.jp/kirby_shinkaku/d/%a5%a8%a5%f3%a5%c7%a1%a6%a5%cb%a5%eb
185,235,183,STA,星之卡比 新星同盟,首领攻略,boss,虚无之灵魂（星之卡比 新星同盟）,Void Soul (Kirby Star Allies),ソウル オブ ニル,official,official,https://seesaawiki.jp/kirby_shinkaku/d/%a5%bd%a5%a6%a5%eb%20%a5%aa%a5%d6%20%a5%cb%a5%eb
186,181,184,STA,星之卡比 新星同盟,Extra 首领攻略,boss_extra,Extra 首领战（星之卡比 新星同盟）,Extra Boss Battles (Kirby Star Allies),ボス戦(STA-Extra),translated,translated,https://seesaawiki.jp/kirby_shinkaku/d/%a5%dc%a5%b9%c0%ef%28STA%2dExtra%29
187,269,185,STA,星之卡比 新星同盟,Extra 首领攻略,boss_extra,异次元大树（星之卡比 新星同盟）,Parallel Woods (Kirby Star Allies),アナザーウッズ,official,official,https://seesaawiki.jp/kirby_shinkaku/d/%a5%a2%a5%ca%a5%b6%a1%bc%a5%a6%a5%c3%a5%ba
188,265,186,STA,星之卡比 新星同盟,Extra 首领攻略,boss_extra,中首领军团 1 Extra（星之卡比 新星同盟）,Mid-Boss Group 1 Extra (Kirby Star Allies),中ボス軍団1(STA-Extra),translated,translated,https://seesaawiki.jp/kirby_shinkaku/d/%c3%e6%a5%dc%a5%b9%b7%b3%c3%c41%28STA%2dExtra%29
189,270,188,STA,星之卡比 新星同盟,Extra 首领攻略,boss_extra,异次元双重独眼云&异次元大独眼云（星之卡比 新星同盟）,Parallel Twin Kracko & Parallel Big Kracko (Kirby Star Allies),アナザーツインクラッコ&アナザービッグクラッコ,official,official,https://seesaawiki.jp/kirby_shinkaku/d/%a5%a2%a5%ca%a5%b6%a1%bc%a5%c4%a5%a4%a5%f3%a5%af%a5%e9%a5%c3%a5%b3%26%a5%a2%a5%ca%a5%b6%a1%bc%a5%d3%a5%c3%a5%b0%a5%af%a5%e9%a5%c3%a5%b3
190,220,189,STA,星之卡比 新星同盟,Extra 首领攻略,boss_extra,中首领军团 2 Extra（星之卡比 新星同盟）,Mid-Boss Group 2 Extra (Kirby Star Allies),中ボス軍団2(STA-Extra),translated,translated,https://seesaawiki.jp/kirby_shinkaku/d/%c3%e6%a5%dc%a5%b9%b7%b3%c3%c42%28STA%2dExtra%29
191,268,190,STA,星之卡比 新星同盟,Extra 首领攻略,boss_extra,冰斧基斯 Extra（星之卡比 新星同盟）,Francisca Extra (Kirby Star Allies),フラン・キッス(Extra),official,official,https://seesaawiki.jp/kirby_shinkaku/d/%a5%d5%a5%e9%a5%f3%a1%a6%a5%ad%a5%c3%a5%b9%28Extra%29
192,260,191,STA,星之卡比 新星同盟,Extra 首领攻略,boss_extra,炎剑露啾 Extra（星之卡比 新星同盟）,Flamberge Extra (Kirby Star Allies),フラン・ルージュ(Extra),official,official,https://seesaawiki.jp/kirby_shinkaku/d/%a5%d5%a5%e9%a5%f3%a1%a6%a5%eb%a1%bc%a5%b8%a5%e5%28Extra%29
193,267,192,STA,星之卡比 新星同盟,Extra 首领攻略,boss_extra,雷枪帕噜提扎努 Extra（星之卡比 新星同盟）,Zan Partizanne Extra (Kirby Star Allies),ザン・パルルティザーヌ(Extra),official,official,https://seesaawiki.jp/kirby_shinkaku/d/%a5%b6%a5%f3%a1%a6%a5%d1%a5%eb%a5%eb%a5%c6%a5%a3%a5%b6%a1%bc%a5%cc%28Extra%29
194,264,193,STA,星之卡比 新星同盟,Extra 首领攻略,boss_extra,异次元魅塔骑士（星之卡比 新星同盟）,Parallel Meta Knight (Kirby Star Allies),アナザーメタナイト,official,official,https://seesaawiki.jp/kirby_shinkaku/d/%a5%a2%a5%ca%a5%b6%a1%bc%a5%e1%a5%bf%a5%ca%a5%a4%a5%c8
195,271,194,STA,星之卡比 新星同盟,Extra 首领攻略,boss_extra,异次元帝帝帝（星之卡比 新星同盟）,Parallel Dedede (Kirby Star Allies),アナザーデデデ,official,official,https://seesaawiki.jp/kirby_shinkaku/d/%a5%a2%a5%ca%a5%b6%a1%bc%a5%c7%a5%c7%a5%c7
196,230,195,STA,星之卡比 新星同盟,Extra 首领攻略,boss_extra,暗化海内司（星之卡比 新星同盟）,Corrupt Hyness (Kirby Star Allies),ダークサイドハイネス,official,official,https://seesaawiki.jp/kirby_shinkaku/d/%a5%c0%a1%bc%a5%af%a5%b5%a5%a4%a5%c9%a5%cf%a5%a4%a5%cd%a5%b9
197,217,196,STA,星之卡比 新星同盟,Extra 首领攻略,boss_extra,三魔官姐妹（星之卡比 新星同盟 · Extra 首领攻略）,The Three Mage-Sisters (Kirby Star Allies - Extra Boss Guides),三魔官シスターズ(ボス戦),official,official,https://seesaawiki.jp/kirby_shinkaku/d/%bb%b0%cb%e2%b4%b1%a5%b7%a5%b9%a5%bf%a1%bc%a5%ba%28%a5%dc%a5%b9%c0%ef%29
198,216,197,STA,星之卡比 新星同盟,Extra 首领攻略,boss_extra,冥蝶骑士 EX（星之卡比 新星同盟）,Morpho Knight EX (Kirby Star Allies),バルフレイナイトEX,official,official,https://seesaawiki.jp/kirby_shinkaku/d/%a5%d0%a5%eb%a5%d5%a5%ec%a5%a4%a5%ca%a5%a4%a5%c8EX
199,215,198,STA,星之卡比 新星同盟,Extra 首领攻略,boss_extra,终焉·虚无 Extra（星之卡比 新星同盟）,Void Termina Extra (Kirby Star Allies),エンデ・ニル(Extra),official,official,https://seesaawiki.jp/kirby_shinkaku/d/%a5%a8%a5%f3%a5%c7%a1%a6%a5%cb%a5%eb%28Extra%29
200,231,199,STA,星之卡比 新星同盟,Extra 首领攻略,boss_extra,虚无（星之卡比 新星同盟）,Void (Kirby Star Allies),ニル,official,official,https://seesaawiki.jp/kirby_shinkaku/d/%a5%cb%a5%eb
201,39,202,DIS,星之卡比 探索发现,综合资料,mechanics_or_reference,游戏机制（星之卡比 探索发现）,Game Mechanics (Kirby and the Forgotten Land),仕様(Dis),translated,translated,https://seesaawiki.jp/kirby_shinkaku/d/%bb%c5%cd%cd%28Dis%29
202,25,203,DIS,星之卡比 探索发现,综合资料,mechanics_or_reference,术语与技巧（星之卡比 探索发现）,Glossary and Techniques (Kirby and the Forgotten Land),用語集・テクニック(Dis),translated,translated,https://seesaawiki.jp/kirby_shinkaku/d/%cd%d1%b8%ec%bd%b8%a1%a6%a5%c6%a5%af%a5%cb%a5%c3%a5%af%28Dis%29
203,13,242,DIS,星之卡比 探索发现,综合资料,media_or_records,视频馆（星之卡比 探索发现）,Video Gallery (Kirby and the Forgotten Land),動画館(Dis),translated,translated,https://seesaawiki.jp/kirby_shinkaku/d/%c6%b0%b2%e8%b4%db%28Dis%29
204,36,243,DIS,星之卡比 探索发现,综合资料,route_or_challenge,最速路线（不使用道具）（星之卡比 探索发现）,Fastest Route (without items) (Kirby and the Forgotten Land),最速チャート2(Dis),translated,translated,https://seesaawiki.jp/kirby_shinkaku/d/%ba%c7%c2%ae%a5%c1%a5%e3%a1%bc%a5%c82%28Dis%29
205,28,244,DIS,星之卡比 探索发现,综合资料,route_or_challenge,最速路线（使用道具）（星之卡比 探索发现）,Fastest Route (with items) (Kirby and the Forgotten Land),最速チャート(Dis),translated,translated,https://seesaawiki.jp/kirby_shinkaku/d/%ba%c7%c2%ae%a5%c1%a5%e3%a1%bc%a5%c8%28Dis%29
206,51,204,DIS,星之卡比 探索发现,复制能力与可操作角色,ability_or_playable,复制能力一览（星之卡比 探索发现）,Copy Ability List (Kirby and the Forgotten Land),コピー能力一覧(Dis),translated,translated,https://seesaawiki.jp/kirby_shinkaku/d/%a5%b3%a5%d4%a1%bc%c7%bd%ce%cf%b0%ec%cd%f7%28Dis%29
207,24,205,DIS,星之卡比 探索发现,复制能力与可操作角色,ability_or_playable,冰冻（星之卡比 探索发现）,Ice (Kirby and the Forgotten Land),アイス(Dis),official,official,https://seesaawiki.jp/kirby_shinkaku/d/%a5%a2%a5%a4%a5%b9%28Dis%29
208,27,206,DIS,星之卡比 探索发现,复制能力与可操作角色,ability_or_playable,弯刀（星之卡比 探索发现）,Cutter (Kirby and the Forgotten Land),カッター(Dis),official,official,https://seesaawiki.jp/kirby_shinkaku/d/%a5%ab%a5%c3%a5%bf%a1%bc%28Dis%29
209,8,207,DIS,星之卡比 探索发现,复制能力与可操作角色,ability_or_playable,利剑（星之卡比 探索发现）,Sword (Kirby and the Forgotten Land),ソード(Dis),official,official,https://seesaawiki.jp/kirby_shinkaku/d/%a5%bd%a1%bc%a5%c9%28Dis%29
210,35,208,DIS,星之卡比 探索发现,复制能力与可操作角色,ability_or_playable,钻击（星之卡比 探索发现）,Drill (Kirby and the Forgotten Land),ドリル(Dis),official,official,https://seesaawiki.jp/kirby_shinkaku/d/%a5%c9%a5%ea%a5%eb%28Dis%29
211,17,209,DIS,星之卡比 探索发现,复制能力与可操作角色,ability_or_playable,龙卷风（星之卡比 探索发现）,Tornado (Kirby and the Forgotten Land),トルネイド(Dis),official,official,https://seesaawiki.jp/kirby_shinkaku/d/%a5%c8%a5%eb%a5%cd%a5%a4%a5%c9%28Dis%29
212,54,210,DIS,星之卡比 探索发现,复制能力与可操作角色,ability_or_playable,针（星之卡比 探索发现）,Needle (Kirby and the Forgotten Land),ニードル(Dis),official,official,https://seesaawiki.jp/kirby_shinkaku/d/%a5%cb%a1%bc%a5%c9%a5%eb%28Dis%29
213,26,211,DIS,星之卡比 探索发现,复制能力与可操作角色,ability_or_playable,锤子（星之卡比 探索发现）,Hammer (Kirby and the Forgotten Land),ハンマー(Dis),official,official,https://seesaawiki.jp/kirby_shinkaku/d/%a5%cf%a5%f3%a5%de%a1%bc%28Dis%29
214,37,212,DIS,星之卡比 探索发现,复制能力与可操作角色,ability_or_playable,烈火（星之卡比 探索发现）,Fire (Kirby and the Forgotten Land),ファイア(Dis),official,official,https://seesaawiki.jp/kirby_shinkaku/d/%a5%d5%a5%a1%a5%a4%a5%a2%28Dis%29
215,15,213,DIS,星之卡比 探索发现,复制能力与可操作角色,ability_or_playable,炸弹（星之卡比 探索发现）,Bomb (Kirby and the Forgotten Land),ボム(Dis),official,official,https://seesaawiki.jp/kirby_shinkaku/d/%a5%dc%a5%e0%28Dis%29
216,53,214,DIS,星之卡比 探索发现,复制能力与可操作角色,ability_or_playable,探巡队（星之卡比 探索发现）,Ranger (Kirby and the Forgotten Land),レンジャー(Dis),official,official,https://seesaawiki.jp/kirby_shinkaku/d/%a5%ec%a5%f3%a5%b8%a5%e3%a1%bc%28Dis%29
217,148,215,DIS,星之卡比 探索发现,首领攻略,boss,首领战（星之卡比 探索发现）,Boss Battles (Kirby and the Forgotten Land),ボス戦(Dis-Z),translated,translated,https://seesaawiki.jp/kirby_shinkaku/d/%a5%dc%a5%b9%c0%ef%28Dis%2dZ%29
218,45,216,DIS,星之卡比 探索发现,首领攻略,boss,刚幻兽 猩猛霸·幻（星之卡比 探索发现）,Phantom Gorimondo (Kirby and the Forgotten Land),ゴルルムンバ・幻,official,official,https://seesaawiki.jp/kirby_shinkaku/d/%a5%b4%a5%eb%a5%eb%a5%e0%a5%f3%a5%d0%a1%a6%b8%b8
219,44,217,DIS,星之卡比 探索发现,首领攻略,boss,幻国树 南国树·幻（星之卡比 探索发现）,Phantom Tropic Woods (Kirby and the Forgotten Land),トロピカルウッズ・幻,official,official,https://seesaawiki.jp/kirby_shinkaku/d/%a5%c8%a5%ed%a5%d4%a5%ab%a5%eb%a5%a6%a5%c3%a5%ba%a1%a6%b8%b8
220,43,218,DIS,星之卡比 探索发现,首领攻略,boss,幻爪豹 卡洛凌·幻（星之卡比 探索发现）,Phantom Clawroline (Kirby and the Forgotten Land),キャロライン・幻,official,official,https://seesaawiki.jp/kirby_shinkaku/d/%a5%ad%a5%e3%a5%ed%a5%e9%a5%a4%a5%f3%a1%a6%b8%b8
221,50,219,DIS,星之卡比 探索发现,首领攻略,boss,宿敌之幻梦 帝帝帝大王·幻（星之卡比 探索发现）,Phantom King Dedede (Kirby and the Forgotten Land),デデデ大王・幻,official,official,https://seesaawiki.jp/kirby_shinkaku/d/%a5%c7%a5%c7%a5%c7%c2%e7%b2%a6%a1%a6%b8%b8
222,23,220,DIS,星之卡比 探索发现,首领攻略,boss,舞幻甲兽 犰魔乱舞·幻（星之卡比 探索发现）,Phantom Sillydillo (Kirby and the Forgotten Land),アルマパラパ・幻,official,official,https://seesaawiki.jp/kirby_shinkaku/d/%a5%a2%a5%eb%a5%de%a5%d1%a5%e9%a5%d1%a1%a6%b8%b8
223,49,221,DIS,星之卡比 探索发现,首领攻略,boss,中首领军团 1（狂野冰霜&狂野刃）（星之卡比 探索发现）,Mid-Boss Group 1 (Wild Frosty & Wild Edge) (Kirby and the Forgotten Land),中ボス軍団1(ワイルドフロスト&ワイルドエッジ),official,official,https://seesaawiki.jp/kirby_shinkaku/d/%c3%e6%a5%dc%a5%b9%b7%b3%c3%c41%28%a5%ef%a5%a4%a5%eb%a5%c9%a5%d5%a5%ed%a5%b9%a5%c8%26%a5%ef%a5%a4%a5%eb%a5%c9%a5%a8%a5%c3%a5%b8%29
224,48,222,DIS,星之卡比 探索发现,首领攻略,boss,中首领军团 2（狂野锤星猩&天鹅罗利那）（星之卡比 探索发现）,Mid-Boss Group 2 (Wild Bonkers & Fleurina) (Kirby and the Forgotten Land),中ボス軍団2(ワイルドボンカース&スワロリーナ),official,official,https://seesaawiki.jp/kirby_shinkaku/d/%c3%e6%a5%dc%a5%b9%b7%b3%c3%c42%28%a5%ef%a5%a4%a5%eb%a5%c9%a5%dc%a5%f3%a5%ab%a1%bc%a5%b9%26%a5%b9%a5%ef%a5%ed%a5%ea%a1%bc%a5%ca%29
225,38,223,DIS,星之卡比 探索发现,首领攻略,boss,孤高的幻梦 魅塔骑士·幻（星之卡比 探索发现）,Phantom Meta Knight (Kirby and the Forgotten Land),メタナイト・幻,official,official,https://seesaawiki.jp/kirby_shinkaku/d/%a5%e1%a5%bf%a5%ca%a5%a4%a5%c8%a1%a6%b8%b8
226,47,224,DIS,星之卡比 探索发现,首领攻略,boss,幻兽面具 狂野 帝帝帝·幻（星之卡比 探索发现）,Phantom Forgo Dedede (Kirby and the Forgotten Land),ワイルド デデデ・幻,official,official,https://seesaawiki.jp/kirby_shinkaku/d/%a5%ef%a5%a4%a5%eb%a5%c9%20%a5%c7%a5%c7%a5%c7%a1%a6%b8%b8
227,42,225,DIS,星之卡比 探索发现,首领攻略,boss,附身兽 狮王·遗忘（星之卡比 探索发现）,Forgo Leon (Kirby and the Forgotten Land),レオン・フォルガ,official,official,https://seesaawiki.jp/kirby_shinkaku/d/%a5%ec%a5%aa%a5%f3%a1%a6%a5%d5%a5%a9%a5%eb%a5%ac
228,41,226,DIS,星之卡比 探索发现,首领攻略,boss,冥蝶骑士（星之卡比 探索发现）,Morpho Knight (Kirby and the Forgotten Land),バルフレイナイト(Dis),official,official,https://seesaawiki.jp/kirby_shinkaku/d/%a5%d0%a5%eb%a5%d5%a5%ec%a5%a4%a5%ca%a5%a4%a5%c8%28Dis%29
229,40,227,DIS,星之卡比 探索发现,首领攻略,boss,魂沌新物种 混沌·艾菲里斯（星之卡比 探索发现）,Chaos Elfilis (Kirby and the Forgotten Land),カオス・エフィリス,official,official,https://seesaawiki.jp/kirby_shinkaku/d/%a5%ab%a5%aa%a5%b9%a1%a6%a5%a8%a5%d5%a5%a3%a5%ea%a5%b9
230,34,228,DIS,星之卡比 探索发现,EX 首领攻略,boss_ex,EX 首领战（星之卡比 探索发现）,EX Boss Battles (Kirby and the Forgotten Land),ボス戦(Dis-Z EX),translated,translated,https://seesaawiki.jp/kirby_shinkaku/d/%a5%dc%a5%b9%c0%ef%28Dis%2dZ%20EX%29
231,62,229,DIS,星之卡比 探索发现,EX 首领攻略,boss_ex,刚幻兽 猩猛霸·幻 EX（星之卡比 探索发现）,Phantom Gorimondo EX (Kirby and the Forgotten Land),ゴルルムンバ・幻(EX),official,official,https://seesaawiki.jp/kirby_shinkaku/d/%a5%b4%a5%eb%a5%eb%a5%e0%a5%f3%a5%d0%a1%a6%b8%b8%28EX%29
232,61,230,DIS,星之卡比 探索发现,EX 首领攻略,boss_ex,幻国树 南国树·幻 EX（星之卡比 探索发现）,Phantom Tropic Woods EX (Kirby and the Forgotten Land),トロピカルウッズ・幻(EX),official,official,https://seesaawiki.jp/kirby_shinkaku/d/%a5%c8%a5%ed%a5%d4%a5%ab%a5%eb%a5%a6%a5%c3%a5%ba%a1%a6%b8%b8%28EX%29
233,52,231,DIS,星之卡比 探索发现,EX 首领攻略,boss_ex,幻爪豹 卡洛凌·幻 EX（星之卡比 探索发现）,Phantom Clawroline EX (Kirby and the Forgotten Land),キャロライン・幻(EX),official,official,https://seesaawiki.jp/kirby_shinkaku/d/%a5%ad%a5%e3%a5%ed%a5%e9%a5%a4%a5%f3%a1%a6%b8%b8%28EX%29
234,60,232,DIS,星之卡比 探索发现,EX 首领攻略,boss_ex,宿敌之幻梦 帝帝帝大王·幻 EX（星之卡比 探索发现）,Phantom King Dedede EX (Kirby and the Forgotten Land),デデデ大王・幻(EX),official,official,https://seesaawiki.jp/kirby_shinkaku/d/%a5%c7%a5%c7%a5%c7%c2%e7%b2%a6%a1%a6%b8%b8%28EX%29
235,19,233,DIS,星之卡比 探索发现,EX 首领攻略,boss_ex,舞幻甲兽 犰魔乱舞·幻 EX（星之卡比 探索发现）,Phantom Sillydillo EX (Kirby and the Forgotten Land),アルマパラパ・幻(EX),official,official,https://seesaawiki.jp/kirby_shinkaku/d/%a5%a2%a5%eb%a5%de%a5%d1%a5%e9%a5%d1%a1%a6%b8%b8%28EX%29
236,59,234,DIS,星之卡比 探索发现,EX 首领攻略,boss_ex,中首领军团 1 EX（狂野冰霜&狂野刃）（星之卡比 探索发现）,Mid-Boss Group 1 EX (Wild Frosty & Wild Edge) (Kirby and the Forgotten Land),中ボス軍団1 EX(ワイルドフロスト&ワイルドエッジ),official,official,https://seesaawiki.jp/kirby_shinkaku/d/%c3%e6%a5%dc%a5%b9%b7%b3%c3%c41%20EX%28%a5%ef%a5%a4%a5%eb%a5%c9%a5%d5%a5%ed%a5%b9%a5%c8%26%a5%ef%a5%a4%a5%eb%a5%c9%a5%a8%a5%c3%a5%b8%29
237,58,235,DIS,星之卡比 探索发现,EX 首领攻略,boss_ex,中首领军团 2 EX（狂野锤星猩&天鹅罗利那）（星之卡比 探索发现）,Mid-Boss Group 2 EX (Wild Bonkers & Fleurina) (Kirby and the Forgotten Land),中ボス軍団2 EX(ワイルドボンカース&スワロリーナ),official,official,https://seesaawiki.jp/kirby_shinkaku/d/%c3%e6%a5%dc%a5%b9%b7%b3%c3%c42%20EX%28%a5%ef%a5%a4%a5%eb%a5%c9%a5%dc%a5%f3%a5%ab%a1%bc%a5%b9%26%a5%b9%a5%ef%a5%ed%a5%ea%a1%bc%a5%ca%29
238,57,236,DIS,星之卡比 探索发现,EX 首领攻略,boss_ex,孤高的幻梦 魅塔骑士·幻 EX（星之卡比 探索发现）,Phantom Meta Knight EX (Kirby and the Forgotten Land),メタナイト・幻(EX),official,official,https://seesaawiki.jp/kirby_shinkaku/d/%a5%e1%a5%bf%a5%ca%a5%a4%a5%c8%a1%a6%b8%b8%28EX%29
239,18,237,DIS,星之卡比 探索发现,EX 首领攻略,boss_ex,幻兽面具 狂野 帝帝帝·幻 EX（星之卡比 探索发现）,Phantom Forgo Dedede EX (Kirby and the Forgotten Land),ワイルド デデデ・幻(EX),official,official,https://seesaawiki.jp/kirby_shinkaku/d/%a5%ef%a5%a4%a5%eb%a5%c9%20%a5%c7%a5%c7%a5%c7%a1%a6%b8%b8%28EX%29
240,22,238,DIS,星之卡比 探索发现,EX 首领攻略,boss_ex,附身兽 狮王·遗忘 EX（星之卡比 探索发现）,Forgo Leon EX (Kirby and the Forgotten Land),レオン・フォルガ(EX),official,official,https://seesaawiki.jp/kirby_shinkaku/d/%a5%ec%a5%aa%a5%f3%a1%a6%a5%d5%a5%a9%a5%eb%a5%ac%28EX%29
241,56,239,DIS,星之卡比 探索发现,EX 首领攻略,boss_ex,冥蝶骑士 EX（星之卡比 探索发现）,Morpho Knight EX (Kirby and the Forgotten Land),バルフレイナイト(Dis-EX),official,official,https://seesaawiki.jp/kirby_shinkaku/d/%a5%d0%a5%eb%a5%d5%a5%ec%a5%a4%a5%ca%a5%a4%a5%c8%28Dis%2dEX%29
242,20,241,DIS,星之卡比 探索发现,EX 首领攻略,boss_ex,魂沌新物种 混沌·艾菲里斯 EX（星之卡比 探索发现）,Chaos Elfilis EX (Kirby and the Forgotten Land),カオス・エフィリス(EX),official,official,https://seesaawiki.jp/kirby_shinkaku/d/%a5%ab%a5%aa%a5%b9%a1%a6%a5%a8%a5%d5%a5%a3%a5%ea%a5%b9%28EX%29
243,157,245,WIIDX,星之卡比 Wii 豪华版,综合资料,mechanics_or_reference,游戏机制（星之卡比 Wii 豪华版）,Game Mechanics (Kirby's Return to Dream Land Deluxe),仕様(WiiDX),translated,translated,https://seesaawiki.jp/kirby_shinkaku/d/%bb%c5%cd%cd%28WiiDX%29
244,29,295,WIIDX,星之卡比 Wii 豪华版,综合资料,media_or_records,视频馆（星之卡比 Wii 豪华版）,Video Gallery (Kirby's Return to Dream Land Deluxe),動画館(WiiDX),translated,translated,https://seesaawiki.jp/kirby_shinkaku/d/%c6%b0%b2%e8%b4%db%28WiiDX%29
245,194,296,WIIDX,星之卡比 Wii 豪华版,综合资料,mechanics_or_reference,数据库（星之卡比 Wii 豪华版）,Database (Kirby's Return to Dream Land Deluxe),データベース(WiiDX),translated,translated,https://seesaawiki.jp/kirby_shinkaku/d/%a5%c7%a1%bc%a5%bf%a5%d9%a1%bc%a5%b9%28WiiDX%29
246,165,247,WIIDX,星之卡比 Wii 豪华版,复制能力与可操作角色,ability_or_playable,复制能力一览（星之卡比 Wii 豪华版）,Copy Ability List (Kirby's Return to Dream Land Deluxe),コピー能力一覧(WiiDX),translated,translated,https://seesaawiki.jp/kirby_shinkaku/d/%a5%b3%a5%d4%a1%bc%c7%bd%ce%cf%b0%ec%cd%f7%28WiiDX%29
247,112,248,WIIDX,星之卡比 Wii 豪华版,复制能力与可操作角色,ability_or_playable,装甲（星之卡比 Wii 豪华版）,Mecha (Kirby's Return to Dream Land Deluxe),アーマー(WiiDX),official,official,https://seesaawiki.jp/kirby_shinkaku/d/%a5%a2%a1%bc%a5%de%a1%bc%28WiiDX%29
248,85,249,WIIDX,星之卡比 Wii 豪华版,复制能力与可操作角色,ability_or_playable,冰冻（星之卡比 Wii 豪华版）,Ice (Kirby's Return to Dream Land Deluxe),アイス(WiiDX),official,official,https://seesaawiki.jp/kirby_shinkaku/d/%a5%a2%a5%a4%a5%b9%28WiiDX%29
249,73,250,WIIDX,星之卡比 Wii 豪华版,复制能力与可操作角色,ability_or_playable,鞭子（星之卡比 Wii 豪华版）,Whip (Kirby's Return to Dream Land Deluxe),ウィップ(WiiDX),official,official,https://seesaawiki.jp/kirby_shinkaku/d/%a5%a6%a5%a3%a5%c3%a5%d7%28WiiDX%29
250,170,251,WIIDX,星之卡比 Wii 豪华版,复制能力与可操作角色,ability_or_playable,风羽（星之卡比 Wii 豪华版）,Wing (Kirby's Return to Dream Land Deluxe),ウィング(WiiDX),official,official,https://seesaawiki.jp/kirby_shinkaku/d/%a5%a6%a5%a3%a5%f3%a5%b0%28WiiDX%29
251,111,252,WIIDX,星之卡比 Wii 豪华版,复制能力与可操作角色,ability_or_playable,清水（星之卡比 Wii 豪华版）,Water (Kirby's Return to Dream Land Deluxe),ウォーター(WiiDX),official,official,https://seesaawiki.jp/kirby_shinkaku/d/%a5%a6%a5%a9%a1%bc%a5%bf%a1%bc%28WiiDX%29
252,110,253,WIIDX,星之卡比 Wii 豪华版,复制能力与可操作角色,ability_or_playable,弯刀（星之卡比 Wii 豪华版）,Cutter (Kirby's Return to Dream Land Deluxe),カッター(WiiDX),official,official,https://seesaawiki.jp/kirby_shinkaku/d/%a5%ab%a5%c3%a5%bf%a1%bc%28WiiDX%29
253,131,254,WIIDX,星之卡比 Wii 豪华版,复制能力与可操作角色,ability_or_playable,沙子（星之卡比 Wii 豪华版）,Sand (Kirby's Return to Dream Land Deluxe),サンド(WiiDX),official,official,https://seesaawiki.jp/kirby_shinkaku/d/%a5%b5%a5%f3%a5%c9%28WiiDX%29
254,109,255,WIIDX,星之卡比 Wii 豪华版,复制能力与可操作角色,ability_or_playable,石块（星之卡比 Wii 豪华版）,Stone (Kirby's Return to Dream Land Deluxe),ストーン(WiiDX),official,official,https://seesaawiki.jp/kirby_shinkaku/d/%a5%b9%a5%c8%a1%bc%a5%f3%28WiiDX%29
255,64,256,WIIDX,星之卡比 Wii 豪华版,复制能力与可操作角色,ability_or_playable,电火花（星之卡比 Wii 豪华版）,Spark (Kirby's Return to Dream Land Deluxe),スパーク(WiiDX),official,official,https://seesaawiki.jp/kirby_shinkaku/d/%a5%b9%a5%d1%a1%bc%a5%af%28WiiDX%29
256,108,257,WIIDX,星之卡比 Wii 豪华版,复制能力与可操作角色,ability_or_playable,枪（星之卡比 Wii 豪华版）,Spear (Kirby's Return to Dream Land Deluxe),スピア(WiiDX),official,official,https://seesaawiki.jp/kirby_shinkaku/d/%a5%b9%a5%d4%a5%a2%28WiiDX%29
257,107,258,WIIDX,星之卡比 Wii 豪华版,复制能力与可操作角色,ability_or_playable,利剑（星之卡比 Wii 豪华版）,Sword (Kirby's Return to Dream Land Deluxe),ソード(WiiDX),official,official,https://seesaawiki.jp/kirby_shinkaku/d/%a5%bd%a1%bc%a5%c9%28WiiDX%29
258,84,259,WIIDX,星之卡比 Wii 豪华版,复制能力与可操作角色,ability_or_playable,龙卷风（星之卡比 Wii 豪华版）,Tornado (Kirby's Return to Dream Land Deluxe),トルネイド(WiiDX),official,official,https://seesaawiki.jp/kirby_shinkaku/d/%a5%c8%a5%eb%a5%cd%a5%a4%a5%c9%28WiiDX%29
259,63,260,WIIDX,星之卡比 Wii 豪华版,复制能力与可操作角色,ability_or_playable,针（星之卡比 Wii 豪华版）,Needle (Kirby's Return to Dream Land Deluxe),ニードル(WiiDX),official,official,https://seesaawiki.jp/kirby_shinkaku/d/%a5%cb%a1%bc%a5%c9%a5%eb%28WiiDX%29
260,151,261,WIIDX,星之卡比 Wii 豪华版,复制能力与可操作角色,ability_or_playable,忍者（星之卡比 Wii 豪华版）,Ninja (Kirby's Return to Dream Land Deluxe),ニンジャ(WiiDX),official,official,https://seesaawiki.jp/kirby_shinkaku/d/%a5%cb%a5%f3%a5%b8%a5%e3%28WiiDX%29
261,83,262,WIIDX,星之卡比 Wii 豪华版,复制能力与可操作角色,ability_or_playable,跳高（星之卡比 Wii 豪华版）,Hi-Jump (Kirby's Return to Dream Land Deluxe),ハイジャンプ(WiiDX),official,official,https://seesaawiki.jp/kirby_shinkaku/d/%a5%cf%a5%a4%a5%b8%a5%e3%a5%f3%a5%d7%28WiiDX%29
262,149,263,WIIDX,星之卡比 Wii 豪华版,复制能力与可操作角色,ability_or_playable,阳伞（星之卡比 Wii 豪华版）,Parasol (Kirby's Return to Dream Land Deluxe),パラソル(WiiDX),official,official,https://seesaawiki.jp/kirby_shinkaku/d/%a5%d1%a5%e9%a5%bd%a5%eb%28WiiDX%29
263,96,264,WIIDX,星之卡比 Wii 豪华版,复制能力与可操作角色,ability_or_playable,锤子（星之卡比 Wii 豪华版）,Hammer (Kirby's Return to Dream Land Deluxe),ハンマー(WiiDX),official,official,https://seesaawiki.jp/kirby_shinkaku/d/%a5%cf%a5%f3%a5%de%a1%bc%28WiiDX%29
264,82,265,WIIDX,星之卡比 Wii 豪华版,复制能力与可操作角色,ability_or_playable,光束（星之卡比 Wii 豪华版）,Beam (Kirby's Return to Dream Land Deluxe),ビーム(WiiDX),official,official,https://seesaawiki.jp/kirby_shinkaku/d/%a5%d3%a1%bc%a5%e0%28WiiDX%29
265,153,266,WIIDX,星之卡比 Wii 豪华版,复制能力与可操作角色,ability_or_playable,烈火（星之卡比 Wii 豪华版）,Fire (Kirby's Return to Dream Land Deluxe),ファイア(WiiDX),official,official,https://seesaawiki.jp/kirby_shinkaku/d/%a5%d5%a5%a1%a5%a4%a5%a2%28WiiDX%29
266,106,267,WIIDX,星之卡比 Wii 豪华版,复制能力与可操作角色,ability_or_playable,格斗家（星之卡比 Wii 豪华版）,Fighter (Kirby's Return to Dream Land Deluxe),ファイター(WiiDX),official,official,https://seesaawiki.jp/kirby_shinkaku/d/%a5%d5%a5%a1%a5%a4%a5%bf%a1%bc%28WiiDX%29
267,105,268,WIIDX,星之卡比 Wii 豪华版,复制能力与可操作角色,ability_or_playable,炸弹（星之卡比 Wii 豪华版）,Bomb (Kirby's Return to Dream Land Deluxe),ボム(WiiDX),official,official,https://seesaawiki.jp/kirby_shinkaku/d/%a5%dc%a5%e0%28WiiDX%29
268,104,269,WIIDX,星之卡比 Wii 豪华版,复制能力与可操作角色,ability_or_playable,叶子（星之卡比 Wii 豪华版）,Leaf (Kirby's Return to Dream Land Deluxe),リーフ(WiiDX),official,official,https://seesaawiki.jp/kirby_shinkaku/d/%a5%ea%a1%bc%a5%d5%28WiiDX%29
269,81,270,WIIDX,星之卡比 Wii 豪华版,复制能力与可操作角色,ability_or_playable,魅塔骑士（星之卡比 Wii 豪华版）,Meta Knight (Kirby's Return to Dream Land Deluxe),メタナイト(WiiDX),official,official,https://seesaawiki.jp/kirby_shinkaku/d/%a5%e1%a5%bf%a5%ca%a5%a4%a5%c8%28WiiDX%29
270,103,271,WIIDX,星之卡比 Wii 豪华版,复制能力与可操作角色,ability_or_playable,帝帝帝大王（星之卡比 Wii 豪华版）,King Dedede (Kirby's Return to Dream Land Deluxe),デデデ大王(WiiDX),official,official,https://seesaawiki.jp/kirby_shinkaku/d/%a5%c7%a5%c7%a5%c7%c2%e7%b2%a6%28WiiDX%29
271,70,272,WIIDX,星之卡比 Wii 豪华版,复制能力与可操作角色,ability_or_playable,头巾瓦豆鲁迪（星之卡比 Wii 豪华版）,Bandana Waddle Dee (Kirby's Return to Dream Land Deluxe),バンダナワドルディ(WiiDX),official,official,https://seesaawiki.jp/kirby_shinkaku/d/%a5%d0%a5%f3%a5%c0%a5%ca%a5%ef%a5%c9%a5%eb%a5%c7%a5%a3%28WiiDX%29
272,160,273,WIIDX,星之卡比 Wii 豪华版,首领攻略,boss,首领战（星之卡比 Wii 豪华版）,Boss Battles (Kirby's Return to Dream Land Deluxe),ボス戦(WiiDX),translated,translated,https://seesaawiki.jp/kirby_shinkaku/d/%a5%dc%a5%b9%c0%ef%28WiiDX%29
273,205,274,WIIDX,星之卡比 Wii 豪华版,首领攻略,boss,风语大树 EX（星之卡比 Wii 豪华版）,Whispy Woods EX (Kirby's Return to Dream Land Deluxe),ウィスピーウッズEX(WiiDX),official,official,https://seesaawiki.jp/kirby_shinkaku/d/%a5%a6%a5%a3%a5%b9%a5%d4%a1%bc%a5%a6%a5%c3%a5%baEX%28WiiDX%29
274,184,275,WIIDX,星之卡比 Wii 豪华版,首领攻略,boss,达乌塔先生 EX（星之卡比 Wii 豪华版）,Mr. Dooter EX (Kirby's Return to Dream Land Deluxe),ミスター・ダウターEX(WiiDX),official,official,https://seesaawiki.jp/kirby_shinkaku/d/%a5%df%a5%b9%a5%bf%a1%bc%a1%a6%a5%c0%a5%a6%a5%bf%a1%bcEX%28WiiDX%29
275,204,276,WIIDX,星之卡比 Wii 豪华版,首领攻略,boss,缓冲肥肥 EX（星之卡比 Wii 豪华版）,Fatty Puffer EX (Kirby's Return to Dream Land Deluxe),ファッティバッファーEX(WiiDX),official,official,https://seesaawiki.jp/kirby_shinkaku/d/%a5%d5%a5%a1%a5%c3%a5%c6%a5%a3%a5%d0%a5%c3%a5%d5%a5%a1%a1%bcEX%28WiiDX%29
276,187,277,WIIDX,星之卡比 Wii 豪华版,首领攻略,boss,戈力牙斯 EX（星之卡比 Wii 豪华版）,Goriath EX (Kirby's Return to Dream Land Deluxe),ゴライアスEX(WiiDX),official,official,https://seesaawiki.jp/kirby_shinkaku/d/%a5%b4%a5%e9%a5%a4%a5%a2%a5%b9EX%28WiiDX%29
277,203,278,WIIDX,星之卡比 Wii 豪华版,首领攻略,boss,金属将军 EX（星之卡比 Wii 豪华版）,Metal General EX (Kirby's Return to Dream Land Deluxe),メタルジェネラルEX(WiiDX),official,official,https://seesaawiki.jp/kirby_shinkaku/d/%a5%e1%a5%bf%a5%eb%a5%b8%a5%a7%a5%cd%a5%e9%a5%ebEX%28WiiDX%29
278,197,279,WIIDX,星之卡比 Wii 豪华版,首领攻略,boss,3 只中首领军团（星之卡比 Wii 豪华版）,Three Mid-Bosses (Kirby's Return to Dream Land Deluxe),中ボス軍団3体(WiiDX),translated,translated,https://seesaawiki.jp/kirby_shinkaku/d/%c3%e6%a5%dc%a5%b9%b7%b3%c3%c43%c2%ce%28WiiDX%29
279,196,280,WIIDX,星之卡比 Wii 豪华版,首领攻略,boss,4 只中首领军团（星之卡比 Wii 豪华版）,Four Mid-Bosses (Kirby's Return to Dream Land Deluxe),中ボス軍団4体(WiiDX),translated,translated,https://seesaawiki.jp/kirby_shinkaku/d/%c3%e6%a5%dc%a5%b9%b7%b3%c3%c44%c2%ce%28WiiDX%29
280,202,281,WIIDX,星之卡比 Wii 豪华版,首领攻略,boss,球体喽啪 EX（星之卡比 Wii 豪华版）,Sphere Doomer EX (Kirby's Return to Dream Land Deluxe),スフィアローパーEX(WiiDX),official,official,https://seesaawiki.jp/kirby_shinkaku/d/%a5%b9%a5%d5%a5%a3%a5%a2%a5%ed%a1%bc%a5%d1%a1%bcEX%28WiiDX%29
281,190,282,WIIDX,星之卡比 Wii 豪华版,首领攻略,boss,伟大喽啪 EX（星之卡比 Wii 豪华版）,Grand Doomer EX (Kirby's Return to Dream Land Deluxe),グランドローパーEX(WiiDX),official,official,https://seesaawiki.jp/kirby_shinkaku/d/%a5%b0%a5%e9%a5%f3%a5%c9%a5%ed%a1%bc%a5%d1%a1%bcEX%28WiiDX%29
282,134,283,WIIDX,星之卡比 Wii 豪华版,首领攻略,boss,龙帝亚 EX（星之卡比 Wii 豪华版）,Landia EX (Kirby's Return to Dream Land Deluxe),ランディアEX(WiiDX),official,official,https://seesaawiki.jp/kirby_shinkaku/d/%a5%e9%a5%f3%a5%c7%a5%a3%a5%a2EX%28WiiDX%29
283,185,284,WIIDX,星之卡比 Wii 豪华版,首领攻略,boss,电阱达乌塔（星之卡比 Wii 豪华版）,Electricky Dooter (Kirby's Return to Dream Land Deluxe),エレトリックダウター,official,official,https://seesaawiki.jp/kirby_shinkaku/d/%a5%a8%a5%ec%a5%c8%a5%ea%a5%c3%a5%af%a5%c0%a5%a6%a5%bf%a1%bc
284,159,285,WIIDX,星之卡比 Wii 豪华版,首领攻略,boss,火山缓冲肥肥（星之卡比 Wii 豪华版）,Fiery Puffer (Kirby's Return to Dream Land Deluxe),ヴォルガバッファー,official,official,https://seesaawiki.jp/kirby_shinkaku/d/%a5%f4%a5%a9%a5%eb%a5%ac%a5%d0%a5%c3%a5%d5%a5%a1%a1%bc
285,183,286,WIIDX,星之卡比 Wii 豪华版,首领攻略,boss,流水戈力牙斯（星之卡比 Wii 豪华版）,Hydriath (Kirby's Return to Dream Land Deluxe),ハイドロアス,official,official,https://seesaawiki.jp/kirby_shinkaku/d/%a5%cf%a5%a4%a5%c9%a5%ed%a5%a2%a5%b9
286,147,287,WIIDX,星之卡比 Wii 豪华版,首领攻略,boss,失控喽啪们（星之卡比 Wii 豪华版）,Rampaging Doomers (Kirby's Return to Dream Land Deluxe),ぼうそうローパーズ,official,official,https://seesaawiki.jp/kirby_shinkaku/d/%a4%dc%a4%a6%a4%bd%a4%a6%a5%ed%a1%bc%a5%d1%a1%bc%a5%ba
287,146,288,WIIDX,星之卡比 Wii 豪华版,首领攻略,boss,王冠喽啪（星之卡比 Wii 豪华版）,Crowned Doomer (Kirby's Return to Dream Land Deluxe),クラウンドローパー,official,official,https://seesaawiki.jp/kirby_shinkaku/d/%a5%af%a5%e9%a5%a6%a5%f3%a5%c9%a5%ed%a1%bc%a5%d1%a1%bc
288,192,289,WIIDX,星之卡比 Wii 豪华版,首领攻略,boss,HR-D3（星之卡比 Wii 豪华版）,HR-D3 (Kirby's Return to Dream Land Deluxe),HR-D3(WiiDX),unchanged,unchanged,https://seesaawiki.jp/kirby_shinkaku/d/HR%2dD3%28WiiDX%29
289,95,290,WIIDX,星之卡比 Wii 豪华版,首领攻略,boss,洛亚 EX&魔法洛亚（星之卡比 Wii 豪华版）,Lor EX & Magolor (Kirby's Return to Dream Land Deluxe),ローアEX&マホロア(WiiDX),official,official,https://seesaawiki.jp/kirby_shinkaku/d/%a5%ed%a1%bc%a5%a2EX%26%a5%de%a5%db%a5%ed%a5%a2%28WiiDX%29
290,201,291,WIIDX,星之卡比 Wii 豪华版,首领攻略,boss,魔法洛亚 EX（星之卡比 Wii 豪华版）,Magolor EX (Kirby's Return to Dream Land Deluxe),マホロアEX(WiiDX),official,official,https://seesaawiki.jp/kirby_shinkaku/d/%a5%de%a5%db%a5%ed%a5%a2EX%28WiiDX%29
291,200,292,WIIDX,星之卡比 Wii 豪华版,首领攻略,boss,星河骑士（星之卡比 Wii 豪华版）,Galacta Knight (Kirby's Return to Dream Land Deluxe),ギャラクティックナイト(WiiDX),official,official,https://seesaawiki.jp/kirby_shinkaku/d/%a5%ae%a5%e3%a5%e9%a5%af%a5%c6%a5%a3%a5%c3%a5%af%a5%ca%a5%a4%a5%c8%28WiiDX%29
292,179,293,WIIDX,星之卡比 Wii 豪华版,首领攻略,boss,大师王冠（星之卡比 Wii 豪华版）,Master Crown (Kirby's Return to Dream Land Deluxe),マスタークラウン,official,official,https://seesaawiki.jp/kirby_shinkaku/d/%a5%de%a5%b9%a5%bf%a1%bc%a5%af%a5%e9%a5%a6%a5%f3
293,169,294,WIIDX,星之卡比 Wii 豪华版,首领攻略,boss,魔法洛亚灵魂（星之卡比 Wii 豪华版）,Magolor Soul (Kirby's Return to Dream Land Deluxe),マホロア ソウル(WiiDX),official,official,https://seesaawiki.jp/kirby_shinkaku/d/%a5%de%a5%db%a5%ed%a5%a2%20%a5%bd%a5%a6%a5%eb%28WiiDX%29
294,46,100046,DIS_S2E,星之卡比 探索发现 Nintendo Switch 2 Edition + 星耀世界,综合资料,media_or_records,视频馆（星之卡比 探索发现 Nintendo Switch 2 Edition + 星耀世界）,Video Gallery (Kirby and the Forgotten Land - Nintendo Switch 2 Edition + Star-Crossed World),動画館(Dis・S2E),translated,translated,https://seesaawiki.jp/kirby_shinkaku/d/%c6%b0%b2%e8%b4%db%28Dis%a1%a6S2E%29
295,21,240,DIS_S2E,星之卡比 探索发现 Nintendo Switch 2 Edition + 星耀世界,EX 首领攻略,boss_ex,寄星晶灭体 杰内尔·美菲里斯（星之卡比 探索发现 Nintendo Switch 2 Edition + 星耀世界）,Genwel Meteonelfilis (Kirby and the Forgotten Land - Nintendo Switch 2 Edition + Star-Crossed World),ジェネル・メフィリス,official,official,https://seesaawiki.jp/kirby_shinkaku/d/%a5%b8%a5%a7%a5%cd%a5%eb%a1%a6%a5%e1%a5%d5%a5%a3%a5%ea%a5%b9
296,10,297,MISC,附加内容,综合资料,route_or_challenge,计时挑战课题,Time Attack Challenges,タイムアタッカーへの課題,translated,translated,https://seesaawiki.jp/kirby_shinkaku/d/%a5%bf%a5%a4%a5%e0%a5%a2%a5%bf%a5%c3%a5%ab%a1%bc%a4%d8%a4%ce%b2%dd%c2%ea
297,182,298,MISC,附加内容,综合资料,guide_or_navigation,英语专区,English Corner,英語のコーナー,translated,translated,https://seesaawiki.jp/kirby_shinkaku/d/%b1%d1%b8%ec%a4%ce%a5%b3%a1%bc%a5%ca%a1%bc
298,6,299,MISC,附加内容,综合资料,guide_or_navigation,TAS 的房间,TAS Room,TASさんの部屋,translated,translated,https://seesaawiki.jp/kirby_shinkaku/d/TAS%a4%b5%a4%f3%a4%ce%c9%f4%b2%b0
299,206,100206,MISC,附加内容,综合资料,guide_or_navigation,附加内容,Bonus Content,おまけ,translated,translated,https://seesaawiki.jp/kirby_shinkaku/d/%a4%aa%a4%de%a4%b1
300,55,100055,INTERNAL,站点内部,站点内部,internal,菜单栏 1,Menu Bar 1,MenuBar1,translated,translated,https://seesaawiki.jp/kirby_shinkaku/d/MenuBar1
301,301,100301,INTERNAL,站点内部,站点内部,internal,菜单栏 2,Menu Bar 2,MenuBar2,translated,translated,https://seesaawiki.jp/kirby_shinkaku/d/MenuBar2
